Celltype_Source_ID,Genes
aDC,"C1QA,C1QB,CD80,IL12B,CCL13,CCL17,CCL19,CCL22,FPR3,HLA-DQA1,IL3RA,CXCL9,PTGIR,CCL8,CCL23,SLAMF1,SIGLEC1,TRAF1,TNFRSF4,TXN,SOCS3,HS3ST3B1,CD209,LILRA5,ACHE,ADPRH,ALOX15B,ANXA5,XIAP,ARF3,RHOG,ATP1B3,BLVRA,C3AR1,CASP5,CD86,CCR5,CMKLR1,EIF5,ENO1,ETV3,FCER1G,FCER2,GMFB,GNG5,GRB2,RAPGEF1,HCK,HRH2,DNAJA1,IL2RA,IL9,IL10,IL10RA,IMPDH1,IRF4,KCNMB1,LAIR1,LOR,RAB8A,MTF1,NFE2L2,NFKB1,NFKBIB,NRAS,OSM,P2RX7,PAK2,PGK1,PITPNA,MAP2K1,RAB5A,RELA,CLIP1,S100A10,CCL1,CCL4,CCL7,CCL18,CCL24,SLC1A2,SLC6A12,SRC,STAT2,TCF21,DYNLT1,TPI1,VRK2,XPNPEP1,ZBTB17,CUL1,RRP1,SCARF1,ALDH1A2,TAX1BP1,SPAG9,TMSB10,MAP3K13,TRIP4,H6PD,WTAP,ARHGEF11,TMCC2,ABI1,BCL2L11,ARPC4,ARFRP1,RAMP3,LILRB2,BCKDK,CXCL13,EXOC5,MTHFD2,SEC24A,NEU3,LILRB1,CD300C,LILRB5,RAB35,OGFR,HPS5,TREX1,TFEC,RAB21,KDM6B,FAM175B,MGRN1,TDRD7,ABCA6,DNPEP,ACOT9,NUP62,BCL2L13,FBXL4,SIGLEC7,CYTH4,SIGLEC9,TOR1B,GPR132,IL19,ANKFY1,AZIN1,RIN2,TBC1D13,GPN2,C1orf27,ARL8B,ZNF654,TBC1D22B,MFN1,SCYL2,CHFR,KCNK13,C5orf15,RPGRIP1,CAMK1G,DENND1A,GPR107,HAMP,MIIP,NSUN3,MMP25,UBE2Z,TNIP2,OPA3,TMX1,SLCO5A1,NETO2,MED25,SLC25A28,ADPGK,MAGT1,DOT1L,TMEM41B,ELL,N4BP1,ABTB2,TRPC4AP,SNX11,CHMP5,NECAP2"
Adipocytes,"ADH1B,DLAT,GPD1,LBP,PLIN1,PPP1R1A,PPP2R1B,PTGER3,CILP,ADIPOQ,COL5A3,PNPLA2,ATP5G3,HADHA,DBI,ATP1A2,HP,TF,C6,SLC25A6,ECHDC1"
Astrocytes,"CNN1,COL11A1,DNA2,FABP7,GPC4,CENPI,FZD2,GLI2,GNG3,GPX7,TNC,LOXL1,LRP4,NNAT,POU3F3,PTN,PTX3,RBP1,SDC2,TFAP2C,TRO,XRCC2,ADAM12,DPF3,ST8SIA2,ZNF239,DCHS1,KIF20B,REC8,PNMA2,CAND2,FBXL7,SYT11,DAPK2,ANKRD1,NT5DC3,PNMAL1,ASAP3,DOK5,GABRQ,AGPAT4,NCAPG,FSD1,KIF18A,MXD3,PSRC1,OLFML2A,CBR3,CLCN2,GRM7,HIST1H1D,KIFC1,MCM3,SCN5A,STAC,RECQL4,TRIOBP,RIBC2,FAM64A,NT5DC2,TMEM135,ACSS3,ATF7IP2,TRIM45,GINS4,CBX2,H2AFV,ACTA2,ACTG2,APLP1,BGN,BST1,C1S,SERPINH1,CDH6,CDH11,CHN1,CLU,COL1A1,COL1A2,COL3A1,COL5A1,COL5A2,COL6A1,COL6A2,COL6A3,COL8A2,COL13A1,CRABP2,VCAN,DCN,DIO2,DPYSL3,DUSP2,FAP,FBLN2,FBN1,FGFR1,FGG,FLNC,FN1,GATA6,GBP2,GEM,GNG11,CFH,HOXB2,CFI,IGFBP2,IGFBP3,IGFBP5,IGFBP6,ITGA7,AFF3,LAMA4,LIF,LOX,LUM,MAP1A,MATN2,MDK,MEST,MFAP4,MGP,MMP2,MN1,MYLK,NAP1L3,CLDN11,OXTR,PALM,PAX6,PCOLCE,PDGFRA,PDGFRB,SERPINF1,PLN,PPP1R3C,PTGIS,PTPRN,RARB,RARRES1,RARRES2,RGS4,CCL2,CXCL12,SFRP4,SLC14A1,SPARC,TAGLN,NR2F1,TFPI,TGM2,THY1,TIMP1,TIMP2,TNS1,TPM1,TPM2,TNFSF4,UCHL1,VCAM1,WNT5A,MFAP5,FZD7,RGS5,PDE5A,ADAM19,CACNA1H,DIRAS3,CRLF1,DHRS3,ADAMTS2,SEMA3E,HEPH,MRC2,GFPT2,HS3ST3A1,EDIL3,LRRC17,BTN3A3,MYL9,SPON2,POSTN,NES,GLIPR1,PADI2,FILIP1L,SYNPO,NID2,NFASC,SULF1,MXRA5,MOXD1,PCOLCE2,GREM1,SRPX2,EFEMP2,CPA4,COPZ2,SLC22A17,DACT1,TRPV2,SCARA3,MXRA8,SYTL2,MEG3,OLFML3,RCN3,FKBP10,CLSTN2,XYLT1,C9orf16,GLT8D2,SLC12A8,CREB3L1,CHRDL1,LYPD1,ZCCHC24"
B-cells,"BLK,CD19,MS4A1,CD22,CD37,CD79A,PNOC,SNX2,MBD4,STAG3,PWP1,SP140,GGA2,STAP1,FCRL2,SMC6,BTK,CSNK1G3,PHKB,TRAF3,DEPDC5,CD180,POU2F1,PRKCB,UBE2G1,PRDM2,SLC24A1,BCL2L11,PRDM4,RRAS2,SIPA1L3,P2RY10,CDC40,MIOS,AFTPH,DEF8,ARHGAP17,MFN1,WDR11,C12orf49,PIKFYVE,JMJD1C,MCM9,EGOT,HLA-DOA,SPIB,TNFRSF13B,VPREB3,ACTN2,TNFRSF17,CXCR5,CD53,CD72,CD79B,CNR1,CNR2,DAXX,DNASE1,AFF2,GDI2,GPR18,HTR3A,IFNW1,IL17A,INPP5B,KCNN3,MGAT5,PAX5,PGR,POU2F2,SYPL1,TERT,SEC62,SLC30A4,TCL1A,RNGTT,S1PR2,RECQL5,LY86,MYOT,TCL1B,LSM6,IKZF3,CNOT1,KIAA1033,TCL6,ITSN2,HDAC7,QRSL1,ATF7IP,UTP6,AICDA,DCLRE1C,BMP8B,CHAD,CCR6,COL19A1,CR1,GPR25,HLA-DPB1,HSPA4,LY9,CIITA,MAP3K9,MMP17,RPS11,RPS16,TROVE2,ZNF37A,ZNF154,ZNF202,ZNF208,AP3B1,S1PR4,BAIAP3,KIAA0430,CEPT1,NUP160,ZZZ3,PLA2G2D,ZNF638,KCNIP2,ANKMY1,TLR7,POLR3K,GPRC5D,NSUN5,ZNF701,C5orf15,RIC3,MRM1,CEACAM21,ZNF688,IFNA2,SLC13A2"
Basophils,"ALAS2,ARR3,ART3,C8A,CD72,DEFA5,EFNA2,GPR3,ONECUT1,HP,CXCR2,KCNA5,KCNJ13,LECT2,LEP,SMCP,MPO,MYH1,NPY5R,OMG,PRKACG,PRL,TGM3,TCL1A,AKAP4,C6orf10,FRS3,LAMB4,CLCA4,AHCTF1,BMP10,AMOTL2,ARHGAP17,TEX12,C11orf16,OTUD7B,SLC17A6,CASS4,LRTM1,HPSE2,FBRS,CXorf36,SLCO5A1,ATXN3L,GATC,ACTN2,ADCY2,ADH1A,ADPRH,ADRA1A,AGTR2,ALDOB,APOF,ART1,BRDT,C9,CETP,CEACAM7,COL19A1,CPA1,CRHR2,CTRL,CYP2A7,CYP17A1,CYP19A1,CYP21A2,DAZL,DCT,DSP,EPHA3,F9,F13B,FCN2,GABRA1,GABRG3,GNG3,GRB2,GRIK4,GRIN2A,GRM4,GRM7,GUCA1B,HTN3,HTR1D,HTR1E,HTR6,IBSP,IFNAR1,IFNW1,IL12RB1,INHA,IRF4,KCNA4,KCNC3,KCND3,KCNJ1,KRT19,KRT33B,KRT83,KRT84,LPO,MAGEB4,MCF2,TRPM1,MOBP,MUC7,MYF6,MYOC,MYOD1,NKX6-1,NTRK1,NTRK2,PAX7,PDHA2,PLP1,PMP2,POU1F1,PPEF2,MAPK12,SCN7A,CCL21,SEMG2,SI,SLC5A4,SLC5A5,SLC6A1,SLC6A11,SLC10A2,SLC13A1,SSX5,TAC1,TLL2,CLEC3B,TNNT2,TNNT3,TNP2,USH2A,VPREB1,ZNF16,ZNF214,SLC30A4,FGF23,HIST1H2BL,UNC5C,ABCB11,ADAM7,ALDH1A2,PHOX2B,WASL,HTR3B,FHL5,NR1I3,NR2E3,SSX3,CACNG3,TACC3,RPP38,SMR3B,ZPBP,KERA,INSL6,CYP4F8,RBPJL,FSTL4,CRB1,SPO11,AIPL1,SLC24A2,CLEC4E,FBXO22,INVS,RBMXL2,ADAMDEC1,PNMA3,PDZRN4,CALY,TAS2R14,PDE11A,MRPS7,MYO15A,TFDP3,SPTBN5,MS4A4A,SLCO1C1,GPR85,DDX4,MAGEL2,DNAJC28,ACSM5,PDPR,HJURP,DNAH3,IL26,MEPE,CD177,MYOZ1,NEUROD6,ELSPBP1,NPVF,MRPS15,TRIM48,ADM2,TRPM3,ZKSCAN3,SPACA1,CCDC70,BRIP1,MYLK3,ZXDB,KRT24,KHDRBS2,SCGB2A2,PCDHA2,TMEM212,CLK1,DEFA4,GPR183,ERN1,FCN1,FGR,GRK6,GTF3C1,GZMH,GZMB,HRH2,KLRD1,LAIR2,MMP8,NKG7,PF4V1,PI4KB,PLCB2,RFX2,RGS1,RNASE2,S100A12,XCL1,VIM,VAPA,CD101,GSTO1,BCL2L11,NMUR1,GNLY,LILRA1,LILRA2,JMJD6,PADI4,TBK1,WRAP53,RETN,CYSLTR2,DENND1A,NAA16,TUBB1,POLDIP3,CEACAM8,NCR1,NXT1,DERL2"
CD4+ memory T-cells,"AAMP,ACTL6A,ADSL,AKT2,ANXA7,ARL2,ATF1,BTF3,CCNC,CD2,CD5,CD6,CD28,CDK9,CETN3,CCR4,COX7C,CSNK1A1,CSNK2A2,CTBP1,CTLA4,DAD1,DDX3X,DR1,GPR183,EIF4G2,ERH,ESD,FNTA,GABPA,GLUD1,HDAC1,HINT1,HMOX2,HNRNPH3,HNRNPU,DNAJB1,EIF3E,ITK,JAK3,KIF22,KTN1,LDHB,SH2D1A,SMAD2,MAGOH,NCL,NDUFS5,PFN1,PLP2,POLD2,PPID,PPP1CB,PPP1CC,PPP2R5D,PPP6C,PTPN11,RAD21,RANBP1,RBM3,RGS1,RPL4,RPL5,RPL8,RPL13,RPS3,RPS6,RPS19,SLAMF1,SOD1,SP3,SRP9,SURF2,THOP1,TPP2,TPT1,TSN,TSSC1,UBE2D2,UBE2D3,UBE2N,UQCRC2,CNBP,DAP3,FXR1,UXT,PKP4,API5,PRPF18,DENR,STK16,RUVBL1,SSNA1,PABPC4,SUCLG1,GALR2,DPM1,NAE1,EIF2B5,FUBP3,BUB3,WDR46,ATG5,PSMF1,BAG3,PREPL,TTC37,SAFB2,CEP57,MATR3,RANBP9,ARPC4,BCAS2,DNAJA2,MAEA,PPIH,PFDN6,HMGN4,EIF3M,ANP32B,TBL3,USP39,PTGES3,CLPX,PAPOLA,SUB1,DBF4,C11orf58,HNRNPA0,COPS5,CPSF6,NUPL2,PDCD10,CBX3,U2AF2,RRP1B,MRPS27,SMC5,METAP1,RPL13A,CD2AP,EID1,ATXN10,RPL36,AHCTF1,ZZZ3,PPA2,SERP1,MMADHC,PRPF19,MRPS18B,METTL5,ICOS,TRA2A,UBIAD1,GPR132,UBQLN2,GLOD4,FCF1,COPS4,RSL24D1,CDC40,EIF3L,RWDD1,TRMT112,CMPK1,ETAA1,GATAD2A,MRPL20,SMU1,IMP3,LIN7C,CDV3,CDKN2AIP,AMBRA1,OSGEP,INTS8,KBTBD4,EXOC2,PCID2,ZC3H15,UNC45A,NKRF,PCNP,THAP11,ZDHHC6,MRPL11,ACD,MRPL44,MRPS34,DDX50,SPAG16,CBLL1,RPF1,THOC7,GRPEL1,ISCA1,DOHH,C12orf29,ATPIF1,SLC25A6,EEF2,KARS,RNF6,THRAP3,FARS2,RBM34,TINF2,SLC25A38,CD3G,CD40LG,GPR15,LIMS1,RBL2,DLEC1,CXCR6,TRAT1,ARHGAP15,GZMA,GZMK,HMGB2,PDCD1,CD226,GPR171,UBASH3A,MEN1,PTPN4,ZNF236,CD96,SEC23IP,AURKAIP1,RNF34"
CD4+ naive T-cells,"CD3E,CD6,CD7,CCR7,DSC1,JAK3,PLCL1,PLCG1,ZAP70,CABIN1,PLXDC1,GPSM3,ANKRD55,LIMD2,CHMP7,APBB1,CD27,TNFSF8,GRK6,GZMM,PRMT2,IDUA,INSL3,ITK,NUMA1,PHF1,RXRB,SELPLG,ZNF76,CUBN,PIP4K2B,NCK2,CDK10,TNK1,ACAP1,TSPAN32,ARFRP1,42987,MSL3,WDR6,MLXIP,LEPROTL1,SH2B1,IPCEF1,KLHL3,SIT1,TRAT1,CRLF3,RAPGEF6,FAM193B,SIRPG,PACS1,RNPEPL1,CREBZF,NDFIP1,OBSCN,CLC,CTSW,DNAJB1,RBL2,HAUS3,ZNF394,GLG1,LY9,MAK,RBMS1,ATXN7,CUL1,MTRF1,BMS1,CEPT1,AAK1,SORCS3,CLUAP1,ICOS,COQ6,PHF20L1,POP5,NUDT9,UBASH3A,GIN1,SETD5,KDM3A,NAA16,TRAF3IP3,TMEM30B,FKTN,IL16,KRT2,NPAT,VPS52,UTP20,RNF216,TUG1,NOL9,CD3G,CD4,CD5,HMOX2,RPA3,RPLP2,RPL14,SNPH,TBC1D5,RAB3GAP1,MLH3,PARP11,MKL1,GIMAP6,CD40LG,INPP4A,TRAF1,CD2,CD247,RPL38,RPS6,ZNF264,ZBTB40,PRMT3,USP16,NUP50,ZNF609,RPRD2,FCF1,COPS7B,DDX31,KRI1,DDX50,ACBD4,SLTM,RPAP2,WDR82,ZNF780B,CASP8,CD28,CDK1,CTLA4,LAIR2,SUPV3L1,TPP2,GRAP2,ZNF263,CD226,CA5B,FNBP4,NUDCD3,STAP1,TEX264,POLR3E,DPEP2,TATDN2,DIDO1,REV1"
CD4+ T-cells,"BAD,CD2,CD3G,CD5,CD28,CD40LG,CCR4,CCR7,CTLA4,GOLGA4,HMOX2,MGAT2,NFE2L2,PLCL1,PPP2CA,SON,SUPV3L1,TRAF1,TSPYL1,FBXO21,FNBP4,NUDCD3,LEPROTL1,ICOS,TRAT1,FOXP3,SIRPG,POLR3E,USP36,DDX31,RIC3,SLTM,HIPK1,ATXN7L1,CD3E,CD6,DNAH6,HNRNPU,DNAJB1,MBNL1,SFPQ,TPP2,UBP1,ZAP70,OFD1,HERC1,RBM19,DLEC1,CCR9,ZCCHC11,PHF3,LSM14A,TOR1AIP1,IL21R,WBP11,USP47,THAP1,MKL1,RBM25,RSRC2,ZXDC,HAUS3,C14orf169,ARID5B,TOE1,TUBGCP5,SNX19,APBB1,ITK,PLCG1,PSD,SSTR3,TTN,CUBN,SNPH,SPEG,MSL3,KLHL3,RAPGEF6,PLXDC1,NOL9,ANKRD55,OBSCN,CHMP7,PPWD1,KRIT1,CCNT2,CD4,TNFSF8,CCR8,DDX5,DSC1,GPR183,EZH1,FCN1,GP5,PRMT2,ITIH4,LY9,PABPC3,POU6F1,PPM1B,RBL2,RXRG,ATXN7,TPT1,NR2C1,NCK2,CDC14A,FUBP1,UBA3,SGSM2,HMGN4,DIDO1,CA5B,AAK1,MORC2,SACM1L,USP33,MTO1,IPCEF1,ZBTB11,SIT1,PNMA3,UBQLN2,CRLF3,UBASH3A,LAX1,TUG1,PRPF38B,ASXL2,GIMAP4,THUMPD1,ARHGAP15,ZC3HAV1,ALG13,CBLL1,TRMT2B,TRIM46,FBXO11,TRAF3IP3,ZNF611,NFATC2IP,TMEM123,ZFC3H1,GIMAP6,CCR2,ABCD2,CD3D,CD7,CD27,TNFRSF4,ARHGEF1,TOMM20,CD96,GPR171,ZNF335,ZNHIT6"
CD4+ Tcm,"ADSL,AK1,CD247,CD40LG,CSNK1D,CTLA4,DNMT1,GOLGB1,ITIH4,MAN2C1,NFRKB,PLCG1,POLR2A,PSMD2,RAD9A,SPTAN1,SUPT6H,NR2C1,TSC1,USP4,DGCR14,DHX16,RAE1,BAG3,SGSM2,HUWE1,RBM5,NXF1,SORCS3,MYO16,EDC4,MTO1,ZNF638,CNIH4,ICOS,FAM193B,FBXL8,EXOC1,KDM3A,USP36,CORO7,ANKRD55,CBLL1,CD2,CCR7,TPR,TRADD,MSL3,AAK1,ARHGAP15,YLPM1,WDR59,TRAF3IP3,42988,LY9,NAP1L4,NPAT,PLCL1,SLAMF1,ZNF200,EIF2B5,USP10,ITGB1BP1,ACAP1,NME6,USP39,FASTK,DIDO1,WDR6,CA5B,TCF25,MCF2L2,GGA3,SMG5,KBTBD2,IPCEF1,UBQLN2,COL5A3,ANAPC5,UBASH3A,PIGG,OLAH,PCDHGA9,INPP5E,DDX24,NUP85,CAMSAP1,BMPR1A,CD4,CD5,CD6,CD28,TNFSF8,CD48,DAB1,SARDH,DVL1,ERN1,GP5,GPR15,IDUA,ITK,KRT1,POU6F1,PSD,RPL38,SCNN1D,TCF20,TPO,TNFRSF4,XPC,NCK2,CDC14A,SNPH,DLEC1,SPEG,HNRNPUL1,MORC2,NCDN,RRS1,GMEB2,PNMA3,GLTSCR2,TRAT1,FXYD7,KBTBD4,ZC3HAV1,SLC4A5,DNAI2,TRIM46,OBSCN,ARID5B,TRMT61A,ZXDB,TMEM30B,CCR4,CRY2,DNAJB1,LTA,PURA,RPS16,RPS21,STK11,TFAP4,ZRSR2,JOSD1,IKZF1,42987,TAB2,SNTG2,TOMM7,SIRPG,CDKN2AIP,THAP11,NDRG3,CCR8,APBB1,CCR6,GPR25,IL2RA,KALRN,SOCS3,ZFYVE9,PLCH2,PLXDC1"
CD4+ Tem,"RPN2,SLAMF1,SPTAN1,TRADD,MYO16,MCF2L2,ESYT1,TRAPPC2L,ARHGAP15,RIC8A,TNFSF8,GPR25,SELPLG,SMARCC2,LZTR1,CCR9,SIT1,FBXL8,RNPEPL1,CD2,CTLA4,DNAJB1,RGS1,CLIP1,DYNLT1,COLQ,CDC14A,RANBP9,ICOS,TRAT1,SMAP1,SAMSN1,HAUS3,42988,ARAF,CAPZB,CCNT1,CD3E,CD4,CD5,CD40LG,CD52,COPB1,DYNC1H1,E4F1,EMD,GOLGB1,GPI,CXCR3,GRM3,IDE,IK,IL10RA,ITIH4,ITK,MARK3,NDUFB2,NFKB1,NFRKB,PABPC3,PGK1,PLCL1,PSMD9,RABGGTA,RBL1,RRM1,S100A11,SOS1,SSR2,TAF10,TBCC,TCF20,TRAF1,TUFM,XPC,BRPF1,DGCR14,RBM10,MAPKAPK5,MKNK1,EIF3A,EIF3G,RIPK1,TAF1B,USP10,MTMR6,ZFYVE9,BAG3,APBA3,RNF7,SEC24C,N4BP1,MAML1,SLC35B1,BCAS2,SF3A1,SLC9A6,CGRRF1,DCTN6,GIPC1,42987,JTB,COPS6,SF3B2,CDC37,MORC2,TCF25,CNOT1,JMJD6,RRS1,KIAA0368,CABIN1,COG4,AHCTF1,IBTK,GORASP2,GIT1,C19orf53,UBIAD1,COL5A3,GOLGA7,RWDD1,TRAPPC4,VPS54,SRRT,DDX56,STX17,THUMPD1,NECAP2,ZC3HAV1,USP36,ELAC2,GPSM3,NSD1,NOL6,PVRIG,TNIP2,FYCO1,CDC73,FBXO31,MUS81,ZNF394,SPSB3,SLC38A10,ASB6,AIRE,CD6,CD28,CD48,CCR4,CCR6,CCR8,ERN1,GPR15,GZMK,IL5RA,ITGB7,KLRB1,KRT1,LTA,LTK,OSM,PDCD1,RPL38,RPS21,TPO,TNFRSF4,TKTL1,HIST1H3A,NCK2,DLEC1,STUB1,HMGN4,NCDN,GALNT8,GPR171,GLTSCR2,UBASH3A,FXYD7,KBTBD4,DNAI2,CCR2"
CD8+ naive T-cells,"AMBN,CD8A,CD8B,CCR8,COX4I1,EEF1D,GPR15,HTR1B,SMCP,MYL1,NDUFA1,NDUFA4,NDUFS5,NKTR,OMG,PSG11,SKI,SON,TPP2,SHFM1,HIST1H3A,HIST1H4F,RNMT,BUD31,GPR52,ZNHIT3,RNF7,JOSD1,SLC17A4,BCAS2,RPP38,CGRRF1,RRH,SMR3B,JMJD6,RRP8,CA14,NGDN,C19orf53,SETD2,IL21R,MED31,SS18L2,LUZP4,CDK5RAP1,FXYD7,GDAP2,CCDC87,CWF19L1,DDX24,USP36,PCIF1,MS4A5,HAUS3,LIN28A,BTNL8,SLC35E1,MOGAT2,TNKS2,KIAA1109,GJB4,HIGD2A,KRT1,RFX2,CILP"
CD8+ T-cells,"CD8A,CD8B,CD27,CCR7,DSC1,PRMT2,IL16,MMP19,NFKB1,NPAT,PCNT,PFN2,PURA,RING1,MTRF1,TSPAN32,CD96,CEPT1,MSL3,DIDO1,AAK1,RBM34,CLUAP1,CBY1,POP5,RAPGEF6,YLPM1,CRTAM,CIAPIN1,TRAF3IP3,CA6,CD7,CTSW,FKTN,NDUFS2,S100B,ZNF200,MYOM1,SDCCAG3,BTN2A1,COG2,UTP20,UBQLN2,DPP8,CCDC25,POLR3E,NKRF,PLXDC1,GGNBP2,WDR82,NDFIP1,TMEM41B,ARHGEF1,NAA16,CASP8,GZMK,PTGDR,SLC1A7,KLRG1,NPRL2,GIMAP4,ZNF611,APBB1,DHX15,GZMM,HNRNPL,KRT2,LY9,PLCG1,PRL,PSD,RASA2,RBL2,RPL37A,SFPQ,SSTR3,TTN,ZNF154,PRPF4B,MED17,HNRNPA0,FNBP4,LSM14A,KLHL3,ZBTB11,SHANK1,ZNF639,USP47,ZC3HAV1,GJC2,IRF3,TBCC,SDAD1,FTO,CD3D,RNF113A,CD160,COPZ1,MKRN2,UBE2Q1,C7orf26,EML3,CX3CR1,EEF1D,GZMH,DNAJB1,KLRB1,LAIR2,PTPN4,FBXW4,RWDD3,IPCEF1,TOMM7,SIRPG,FAM134C,CCDC53"
CD8+ Tcm,"CASP8,CD27,TNFSF8,GZMK,NCK1,GPR171,CRTAM,PARP11,TMEM30B,ADCYAP1R1,ABCD2,ALK,CD8A,CD8B,CD28,CD48,ESR2,CXCR3,LAG3,SH2D1A,MMP11,SLC6A7,SYN2,TPP2,DUSP11,HELZ,CD96,ZMYND11,SEC24A,ZC3H13,LEPROTL1,ADAT1,CHST5,SIT1,HAO2,GIMAP4,PCDHA10,SMAP1,VPS33A,GIMAP6,DNAJB1,RASA2,RGS1,DYNLT1,CDC14A,CGRRF1,DCTN6,PPWD1,USP36,HAUS3,NAA16,CTSW,IL2RB,BMPR1A,C21orf2,CD3E,GZMH,GZMA,INPP4A,KIF2A,KLRD1,KRT1,PTPN4,RPS6KB1,ATXN7,ZAP70,TRADD,LRIG2,MED6,KLRG1,ZBTB1,TNRC6B,ATF7IP,CYP20A1,TNKS2,ISCA1,SFXN1,CD7,PDCD1,PTPRCAP,S100B,XCL1,SGCD,TBCC,HIST1H4F,STUB1,HMGN4,AKAP3,GNLY,TRAF3IP1,ELP3,C21orf59,WDR18,INTS5"
CD8+ Tem,"DHX8,GZMH,GZMK,LAG3,ZAP70,COLQ,RGS9,CXCR6,PVRIG,PYHIN1,ABCF1,ACADVL,RHOG,SLC25A20,CAPZB,CD2,CD3D,CD3G,CD7,CD8A,CD8B,CCR5,COPB1,CTSW,CX3CR1,DAXX,DIAPH1,DMWD,DYNC1H1,EMD,GOLGA1,GTF3C1,GYG1,GZMA,GZMM,HMOX2,DNAJB1,IDH3B,IFNG,IL10RA,ITGAL,KLRB1,KLRD1,LAIR2,MARK3,MT2A,MYO1F,NDUFB1,NDUFB2,NDUFS6,NKG7,PABPC3,PCNT,PHKG2,PPP2R5C,PSMC5,PSME1,PTGDR,PTPN4,PTPRA,PZP,RGS1,RPN2,CCL4,SLAMF1,SNTB2,SSR2,STX4,TAF10,DYNLT1,TUFM,WAS,RNF113A,LZTR1,DHX16,GPR65,MKNK1,B4GALT3,RIPK1,IL18RAP,ARHGEF1,CIAO1,SEC24C,N4BP1,CROCC,MAML1,KIAA0196,SEC16A,PREB,KLRG1,SLC35B1,SF3A1,GNLY,SF3B2,WWP2,BTN2A1,CD160,PUF60,HMGXB3,SNRNP200,JMJD6,TMEM184B,RNF167,ERAL1,CYTH4,MRPL22,ABT1,UBN1,GPR171,TIMM22,NRBP1,COL5A3,RWDD1,TRAPPC4,SRRT,STX18,TRNAU1AP,IMP3,ABCF3,CHST12,UBE2Q1,AMBRA1,MAP7D1,EXOC2,WSB2,BIN3,CRTAM,MRPS22,RIC8A,NOL6,AHNAK,TNIP2,HAUS3,FYCO1,C14orf169,ZMYM1,MUS81,DEFB126,ARPC5L,ZNF394,RHOT2,SPSB3,NCR3,CCDC85C,CALM1,GZMB,IL2RB,SH2D1A,PPP1CA,PRF1,MAPK13,NPRL2,CD300A,TBX21,BIN2,SASH3,CTDSP1,CCDC130,ABCD2,FASLG,ATR,BMPR1A,C8G,C21orf2,CACNB1,CAPN2,CASP8,CSNK1G2,DUSP8,E4F1,FLT4,GIPR,GOLGA4,CXCR3,HLA-A,HLCS,KIF22,LTK,MAN2C1,MEN1,MAP3K10,MSH3,PDCD1,PLCG1,PMS1,POLG,PRKG2,PTPRC,PTPRCAP,PURA,RBL2,RFX1,S100B,XCL1,FBXW4,SLC1A7,TBCC,TCOF1,USP1,ZNF79,ZNF142,ARHGEF5,GPR68,IKBKAP,CDK10,SLC25A12,DDX18,PSTPIP1,GPR52,OTOF,GRAP2,CTR9,SART3,USP34,URB2,ZBTB39,DLEC1,ACTR1B,ARFRP1,CD96,STUB1,NMUR1,HMGN4,SRCAP,CAPN10,CEP250,IKZF3,AAK1,ZBTB1,SCAP,MDN1,CSTF2T,ADAT1,MTO1,FBXO3,TRMT2A,RPUSD2,VPS4A,GPKOW,SIT1,ASTE1,ANAPC2,PNMA3,ZNF639,LIPT1,PRMT7,KLHDC4,ALKBH4,CNNM2,DPP8,C2orf42,USP47,ELP3,KLHL11,GIMAP4,CDKN2AIP,URGCP,LTB4R2,INPP5E,PRDM8,TULP4,PLXDC1,CHD8,CREBZF,ZNF335,RNF25,PAPOLG,KRI1,C7orf26,C1orf35,GCC1,CORO7,GSDMD,WDR82,SLC38A1,ZNF276,PWWP2A,OSBPL7,MRFAP1L1,DNAJC24,ZNF428,ZNF549,GIMAP6,CD3E,CTBP1,ELK4,ERN1,IL12RB1,IRF3,SBF1,UBTF,CDC14A,NCR1,SGSM2,STK25,DIDO1,SACM1L,TTC22,PANK4,RNF126,TRMU,OTUD7B,HIVEP3,FBXO31,ZNF696,TRAF3IP3,KIAA1109,ANGEL2"
cDC,"ALCAM,ANXA1,CD1C,CD1E,DBI,FCER1A,ITGAX,PITPNA,SSR1,RAB7A,CLEC10A,TCTN3,CCDC88A,SLAMF8,ACTR3,CD86,FLT3,S100A10,CD163,FGL2,CD93,WDFY3,CLEC4A,CD1A,CD1B,CD80,DNASE1L3,GFRA2,CCL17,CCL24,RRP1B,CD209,KCNK13,ALOX15,CRH,CCL13,CCL23,ALDH1A2"
Chondrocytes,"ACAN,ARL1,COMP,ERG,ISLR,OGN,PGK1,PRELP,COL14A1,RGS11,TBX4,MORF4L2,LAPTM4A,SNUPN,MPHOSPH6,SCRG1,FBXW11,REM1,ZNF471,PODNL1,GLG1,PTP4A2,GOSR2,CCNB1,COL10A1,CSNK1A1,FOXD2,LPAR4,MYOC,NFATC4,NKX3-1,OMD,STAT2,TNXB,GDF5,FZD9,CILP,TNFSF11,WASL,TMEM59,PRG4,ANGPTL7,SLC38A3,DSTN,WWP2,IQSEC2,HSPB7,COL5A3,CRTAC1,NPLOC4,NDFIP1,DYNLRB1,LRRC15,ADRA1D,AK1,ABCD1,APOC3,ARCN1,ARNT,CACNA1C,CACNB1,CAMLG,RUNX2,RUNX1,COPA,COPB1,CYP19A1,DMWD,DPT,DVL1,ELN,ENO1,ERF,ETF1,FGF7,FOXC2,FSHB,GOLGA4,MCHR1,GRIA3,HAS1,HDLBP,HOXD3,IBSP,IDUA,IFNB1,IGF1,KRT10,LEP,LTBR,SMAD5,MIF,MLN,MLLT1,NFKBIL1,OCRL,P4HB,PCDHGC3,PDE3A,PFN2,PGM1,PRL,PYY,PTH1R,PTPN11,RAB3A,RGR,ROS1,S100A6,SGCD,SNTB2,SSX1,TACR3,TF,CLEC3B,TNNT3,TUB,ZFPL1,ZBTB16,CDK2AP1,PRKRA,MYH13,WISP1,SPAG9,MAP3K6,OTOF,CABP1,BAG3,NCOR2,TTC37,CUL7,PJA2,NAALADL1,RANBP9,ABCC9,ABI2,CALCOCO2,YAP1,CDIPT,TM9SF1,PRDX4,TRIM3,CORIN,ZMYND11,NCKAP1,CCL27,YIF1A,COPS8,SPIN1,KDELR1,SERINC3,OS9,TMED10,EMILIN1,MAP4K5,NXPH3,FNDC3A,TBC1D9B,ERC1,MAST2,SNX13,PHLDB1,GANAB,SCFD1,POFUT2,KIAA0368,MKRN2,EID1,BCL2L13,TMEM59L,SNED1,GORASP2,SLC13A4,RNF11,TUBG2,IL17B,KLF15,CNIH4,GMPPA,SEC61A1,POMT2,NRBF2,TMED7,CELA2B,NGRN,CMPK1,MIOS,MIER2,SLC41A3,WDR41,KLHL26,OLAH,SPATA7,GLT8D1,IRGC,IFT46,OTUD7B,RIC8A,ZFAND3,PKNOX2,NEUROG2,ACBD3,TTC23,SLC26A10,C11orf95,YIPF2,FTO,HDAC11,TCEAL4,ADM2,SVEP1,UBXN6,TM2D1,TSSK1B,IL17RC,TBC1D16,PRRC1,ZNF358,42988,SLC5A12,NPHP4,PPIL6,DPY19L4,CTRB2,LBP"
Class-switched memory B-cells,"TNFRSF17,BLK,CR1,EPS15,RAPGEF1,PTPN6,RAD17,TRAF3,UBE2G1,UBE2I,BAIAP3,DEPDC5,NDUFA9,SLC12A3,TAF6,UBE2N,TRRAP,SCRN1,ABI1,CPSF4,SUB1,SP140,TNFRSF13B,ADAMDEC1,AFTPH,PRDM10,NARFL,PIKFYVE,SEC24A,NGLY1,CXCR5,MS4A1,CD80,COL19A1,GPR25,HLA-DQB2,PAX5,SPIB,SNED1,ZBTB32,FCRL2,KHDRBS2"
CLP,"COX6C,DNTT,IGLL1,PLP2,PSMA6,VPREB1,AIMP1,TOMM20,GPN3,HIVEP3,MYL12B,H3F3B,IDH3A,OXA1L,SNRPD1,ADNP,C19orf53,C11orf57,FAM76A,CALM1,GAPDH,IGBP1,PSMB3,RFC4,RPL8,ATP6V1G1,METAP2,DSTN,ASCC1,WDR33,NGLY1"
CMP,"AZU1,MS4A3,CPA3,CRHBP,CRYGD,CTSG,ELANE,MS4A2,IGLL1,MPO,SERPINB10,PRG2,PRTN3,RNASE2,RNASE3,STAR,EPX,NAALADL1,CLC,FLT3,HDC,HPGDS,ALOX15,ANXA3,BYSL,C1QB,CACNA1E,CAMK2A,RUNX1,CCNC,CD1E,CD63,CDSN,CLIC1,CNGA3,CPB1,CPN1,CRYGA,CSF2RB,DAB1,DEFA6,EDN3,EYA3,FMO2,AFF2,G6PC,GALR1,GDF9,GNAT1,GPD1,GRIA4,GRM2,GUCA2B,H2AFX,HSF4,IDUA,IL5RA,IL13,IMPG1,PDX1,ITIH3,ITIH4,KCNJ10,KCNN1,LCT,MEA1,MKI67,MPL,MYF5,MYH11,NDUFB4,OXT,P2RY4,PAX1,PAX3,PGR,SERPINI2,PRKG2,PYY,PTPRS,RCVRN,RHO,RORB,SCN1A,CCL18,CCL23,SIM1,SLC5A2,SLC18A2,SNAPC4,TNR,TP73,TRPC3,TYR,COL14A1,UNG,VPREB1,ZNF174,MADCAM1,CLPP,GDF5,HIST1H2BO,PLA2G6,BFSP2,IRS4,LIPF,BRSK2,SLC13A2,CCNB2,LONP1,NTN1,FHL5,FRMPD4,DLEC1,CHAF1A,GLYAT,TRAIP,CACNG3,TUBA1B,PRG3,TAB1,ERLIN1,SPAG5,RASL10A,NEU3,RUVBL2,ACTL7A,PTPRT,SNW1,FAIM2,POLA2,IRF2BP1,DAZAP1,DNAI1,FOXB1,SNX5,NDOR1,GNMT,CNTN6,MYLPF,SMARCAL1,UBQLN3,RASL12,TOLLIP,MED18,COMMD4,CRTAC1,KLHL11,DHX32,SPATA7,CENPN,ZMAT5,C21orf62,CYSLTR2,VN1R1,SLC4A5,CADM3,PRODH2,DNASE2B,ALX4,XPNPEP3,DPEP3,GPR135,PDIA2,CYP3A43,LRRC19,C22orf46,LIN28A,ZBBX,RERGL,L2HGDH,TSGA10,LRRC3,NRIP2,COG7,TIMM50,TBC1D16,ZNF428,RAB40A,FAM76A,ATXN7L1,ANKRD34C,ADSS,MAPK14,TOR1A,FANCG,LPAR4,GPR27,LTC4S,LYL1,MYO9A,PGM1,POLE,MAP2K5,TRIM27,RREB1,SPN,TFCP2,TOP2B,TPSAB1,WHSC1,XPO1,ZNF221,HIST1H2BL,HIST1H3C,HIST1H4C,NSMAF,JRK,ZMYM4,TGM5,SCAMP1,HDAC6,ZNF197,TAF6L,USP19,EHMT2,HMGXB3,SMC5,MGA,KIAA1033,ZNF629,TNPO3,ZKSCAN5,ZZZ3,SPAG8,REV1,PHF7,VPS54,EXD3,SETD5,RHOT1,ZNF701,CENPJ,KLHL9,ZNF471,BAHCC1,HRH4,FAM111A,NARFL,S100PBP,MTHFSD,ZNF747,CCDC121,ZNF768,ATP8B4,ZKSCAN3,CDT1,USP48,ARHGAP33,ZNF780B,PIKFYVE,ZKSCAN4,ZNF324B,NAT6,CD33,FBXL4,ATP8B3"
DC,"ALOX15,CD1A,CD1B,CD1E,CCL13,CCL17,ALDH1A2,CD209,HLA-DQA1,FPR3,C1QA,C1QB,CD9,CCL22,CLEC10A,TFEC,TREM2,SLAMF8,ACHE,ALOX15B,CD80,CD86,CCR7,DPYS,ETV3,GRIN1,GRSF1,HCRTR2,IL12B,IRF4,KCNC3,KCNN1,LOR,MCF2,RAB8A,NFKB1,PLD2,PRRG2,PTGIR,RNF2,CCL18,CCL23,SLAMF1,SIGLEC1,TRAF1,TNFRSF4,TXN,VAV2,SLC30A4,CUL1,MAP3K6,TMSB10,MAP3K13,CEP350,BCL2L11,MPHOSPH6,SPINT2,HPS5,NXPH3,TDRD7,TMEM131,SUZ12,BCL2L13,FBXL4,SNX11,IL21R,TBC1D13,ARL8B,NECAP2,CAMK1G,CCDC81,SAMSN1,UBE2Z,PTGES2,SLCO5A1,ALCAM,CD1C,F13A1,FCER2,TACSTD2,STAB1,MS4A6A,CCL19,RRP1B,KCNK13,DNASE1L3,GUCA1A,HK3,CCL8,CCL24,HS3ST2,FGL2,NAGPA,MS4A4A"
Endothelial cells,"ACVRL1,TIE1,VWF,HYAL2,ARHGEF15,ROBO4,MMRN2,FAM124B,ADSS,AP2A2,ANGPT2,ANXA2,ANXA3,RHOC,BMX,PTTG1IP,CANX,CAV1,CCT6A,CD9,CDC27,AP2S1,CLTA,DAD1,DDX10,EIF4G2,ERG,FOXC2,FLT1,FLT4,GJA4,GNB1,GOT2,GPR4,HSPA4,HTR2B,KDR,TNPO1,MNAT1,MYL6,NEDD8,NNAT,NOTCH4,PNP,PDE3A,PIK3C2A,PLS3,PPP2R2A,PSMB7,PSMD1,PSMD2,PSMD10,RALA,RANGAP1,RARS,RCN2,S100A6,MAPK12,SELE,SH3GL1,SLC16A1,SNTB2,SSBP1,TARBP2,TEK,TJP1,CLDN5,TPD52L2,HSP90B1,UFD1L,FXR1,SCARF1,DYNLL1,CDC123,EIF2B2,MTMR2,BCL10,TNFSF18,ITGB1BP1,TAOK2,EI24,GDF3,FEZ2,PPM1F,SAE1,KIF20A,ACTR1A,PDIA6,TXNDC9,PCGF3,TIMM17A,CARM1,SEMA6B,IPO7,PITRM1,ARPC1A,IGF2BP3,YKT6,LYVE1,COPS6,PWP1,CDC37,FAM107A,ECD,TUSC2,MMRN1,NCBP2,CD93,ATF6,TTLL5,STAB1,ARL2BP,MTCH1,TMEM184B,CLEC1A,BFAR,PCDH12,SPTBN5,EMCN,BTBD1,SOX18,TMED9,DEF8,RASIP1,TMEM39B,LRRC59,NPLOC4,CISD1,KLHL9,ANO2,MRPL17,SPATS2,CXorf36,EDC3,MYCT1,NETO2,PLVAP,DCTN5,G6PC3,MYL12B,KANK3,ART4,KRT19,TACSTD2,GIMAP4,ERCC1,FBL,FDPS,HTR1B,LYL1,NOVA2,PSMC5,RELA,RPS14,CLPP,BUB3,DLGAP5,LYPLA1,STK25,SEMA6C,PTTG2,WDR4,STRAP,N4BP3,EDC4,PRKD2,PRPF19,GIT1,CEP55,METTL3,TUT1,FAM65A,MTG1,GIMAP6"
Eosinophils,"C3AR1,CLC,CCR3,DRP2,IL5RA,KCNA5,KIF5A,TACSTD2,NPY2R,PLXNB3,RGS13,TNFSF11,ADAM18,CUX2,CDH19,RASL12,HRH4,NYX,GIPR,SYCP1,PHLDA2,NXPH3,LMTK2,AP4E1,FBXO40,TRIM48,MMRN2,AGTR2,ASPA,ATOH1,BMX,MS4A3,CCR1,FCER1A,FMO3,GAST,HDC,LECT2,MOG,PRL,STATH,ADAM21,HS3ST2,ZNF197,POLQ,PURG,MYO3A,FEV,LRRC36,MMP26,ADORA3,ALOX15,CA4,ENTPD2,CEBPE,CEACAM8,DEFA4,HIC1,LTF,MNT,RARA,SLC19A1,KSR1,PGLYRP1,CD101,P2RY14,KCNK7,OLIG2,PTTG2,EPN2,SETD1B,KDM6B,ABTB2,SIGLEC8,GMIP,CYSLTR2,MKL1,DPEP2,MMP25,MBOAT7,CORO7,ARHGAP33,TRPM6,BPI,CAMP,CSF2RB,CCL23,SRRM2,DPEP3"
Epithelial cells,"SFN,TACSTD2,PRSS8,AP1M2,B3GNT3,CBLC,HES2,RAB25,S100A14,FLNB,GRB7,LAD1,LAMA5,SEMA3F,SOX15,TUFT1,SLC10A3,IER3,SH2D3A,CNKSR1,RHOD,TMEM40,TBC1D2,BIK,AP1S1,DFNA5,DSG3,HBEGF,EFNB1,NR2F6,EVPL,EXT2,F3,GJB3,GJB5,IRF6,JUP,LIMK2,MST1R,PI3,PLAGL2,PRRG2,RELB,SHC1,SLC12A4,SPINT1,ST14,STXBP2,TAPBP,CORO2A,BTG2,AXIN1,TNK1,TNFSF9,ADAM15,TNFRSF10B,RPS6KA4,PDLIM1,CELSR1,FGFBP1,CDC42EP2,FST,PPP1R13L,ARHGEF18,ETHE1,TNFRSF21,TFCP2L1,GLTP,A4GALT,RHOF,SSH3,DOK4,FGD6,TMPRSS4,SMAGP,XYLT2,PORCN,ZFYVE21,CHAC1,C1orf116,ZBED2,RHBDF2,PIP4K2C,FBXL18,LRRC8E,EPPK1,CLDN4,DSC2,ITGB4,ITGB6,KRT7,LAMA3,LAMB3,THBD,MPZL2,G0S2,LSR,ADM,EFNA1,EGFR,KRT17,LLGL2,PCDH1,PDGFB,PPL,S100A2,SCNN1A,HMGA2,PTGES,RAB3D,TSPAN1,RAP1GAP2,DAPP1,ANGPTL4,SLC35F2,EPS8L1,FERMT1,RAB11FIP1,ALS2CL,ELF3,KRT6A,SLPI,TGFA,SCEL,EHF,NQO1,SDC4,RASSF7,SH3BP1,APOBEC3C,RIPK4"
Erythrocytes,"ALAS2,CA1,EPB42,GYPE,HBD,HMBS,MYL4,RHAG,EPX,KLF1,XPO7,AHSP,GYPA,KRT1,SLC4A1,GYPB,HBB,PKLR,PRG2,RHCE,RHD,TSPO2,ART4,CENPA,GATA1,SPTA1,AURKA,GLRX5,APLNR,ATP1B2,BRCA1,BUB1B,CDC20,CDKN3,CENPF,CHEK1,DES,FEN1,HMGB2,KEL,KIF22,EPCAM,MCM4,NEK2,OAT,PCNA,POLE2,RRM1,RRM2,STIL,SLC2A4,TOP2A,TUBG1,ST7,HIST1H4C,RAD54L,CCNB2,MINPP1,DLGAP5,MELK,GINS1,TROAP,TRIM10,RCL1,PRMT3,UBAC1,KIF2C,ZWINT,OIP5,PAXIP1,KIF4A,HTRA2,GMNN,NUSAP1,DTL,FANCI,HJURP,MCM10,C1orf112,CENPN,KIF15,SPC25,FKBPL,GINS3,CENPO,CDCA3,AMHR2,BIRC5,BUB1,CAST,CCNA2,CCNB1,CDK1,CENPE,CSE1L,EPRS,HPS1,PNMT,RAD51,RFC4,RPA3,SLC16A1,TAL1,TARS,UMPS,CHAF1B,GFI1B,DPM2,EIF2S2,PTTG1,RGS6,DCLRE1A,RBX1,SMC4,SMC2,DBF4,METAP2,WBP4,RACGAP1,NCAPG2,CDCA8,PBK,NUP37"
Fibroblasts,"ADH5,ARF4,ARL1,ASPA,ATP2A2,BAD,BMPR1A,CACNA1C,AP2M1,CSNK1A1,CSNK1G3,DCTD,DPT,ECT2,ELN,ETF1,FKTN,FGF7,GARS,GOLGA4,GRIA1,GRIA3,HIF1A,HLCS,HTR2A,HTR2B,ITIH3,IPO5,KRT19,LGALS1,SMAD5,MARS,MYH1,MYH2,42980,NFATC4,OCRL,PPIB,PRKG1,PTGIR,RAD23B,RCN2,PRPH2,RYK,ATXN2,SGCD,SGCG,SHMT2,SIM1,SNTB2,TBX5,CLEC3B,TPD52L2,TSPYL1,SLC35A2,VCL,WNT2,ZFPL1,B4GALT2,MPZL1,ZMYM4,ZFYVE9,GGPS1,SCAMP1,BAG2,PRDX6,RNF14,SCRN1,RNF41,TFG,YAP1,SPTLC1,CORIN,FRS2,SPIN1,TMED10,KDELR2,DSTN,EMILIN1,MAP4K5,XPOT,RRAS2,RAB11FIP2,RAB3GAP1,TRIM32,GANAB,DNAJC13,ICMT,LMOD1,MYOF,TBL2,SEC22A,NPTN,HSPB7,SEC61A1,TNFRSF12A,NGRN,MBTPS2,AMOTL2,GPR85,TMED9,ASPN,ST7L,SLC35A5,KIF26B,GPATCH2,IMPACT,POMGNT1,CAND1,ACTR10,SAR1A,THAP10,CCDC90B,MAGEF1,ACBD3,C7orf25,AHNAK,FTO,ZC3H14,PODNL1,TCEAL4,SVEP1,TTC26,SLC25A32,ADAMTS12,TM2D1,ANKRD40,MYL12B,LRRC42,HSPB6,42988,TOR1AIP2,TXLNA,RNASEH1,DPY19L4,SNX19,ISLR,ADD1,ADH1B,ALDH9A1,ANXA11,ARHGAP6,C7,CAMLG,CIRBP,CSF1,CYBA,DUT,FMO2,FTL,GOLGA1,GSTM5,HEXA,HIC1,HPS1,IDUA,JAK3,LTBR,LTC4S,MGMT,MGST3,MMP17,MMP19,NFE2L2,P4HB,PDE4A,PFDN5,PGK1,PIK3R2,PRKG2,MASP1,RASA2,RNF4,RNH1,ROM1,RPL37A,SH3BP2,SNAPC2,TADA2A,TCF21,TFDP1,TNXB,VIM,ZNF32,DEK,NDST2,CGGBP1,WISP1,S1PR2,RPL23,HAND2,LAPTM4A,HDAC5,MPHOSPH10,PRDX4,MTHFD2,SEC24A,KDELR1,LSM6,ZBTB1,FAIM2,CSTF2T,ABCA6,SNED1,TOR1AIP1,CECR5,RASL12,ZNF771,HDAC7,UBE2D4,TXNL4B,SHQ1,ADI1,DDX19A,ZNF444,FBXL8,ZNF446,EXOC1,SPATA7,TMEM165,PCDHGA11,GPR137,CASS4,ATP13A1,KIAA1614,EDA2R,PAPPA2,MOSPD3,C11orf95,ATG9A,TBC1D17,SLC35E1,C6orf62,WDR73,MFSD5,ZNF358,EML3,SPAG16,C6orf120,MIF,POLR2E,MRPL12,COL14A1,GDF5,C19orf24,ADM2,SIX5,TMEM115,DNPEP,MKRN2,ZCCHC4,CYP20A1,ZNF471,UBE3B,TEX261"
GMP,"ARHGAP6,ATP5J,CD5L,MS4A3,CDH9,CPA3,CRHBP,CRYGD,CTSG,DNTT,FLT3,GABPA,LPAR4,H2AFZ,HDC,HMGB2,HNRNPA1,ITGA9,KCNJ14,LDHB,MPO,MTIF2,HNRNPM,NPM1,SERPINB10,PNN,PRG2,PRKG2,PSMA4,RAG2,RNASE2,RNASE3,RPL5,RYR3,SELP,STIL,SRP9,SSB,STXBP3,TEC,TOP2B,TRH,UBB,UMPS,VPREB1,XPO1,DEK,NCOA4,TTF2,UBA3,UBA2,SMNDC1,ARPP21,MRPL3,PARK7,CBX3,SMC5,GTPBP4,HPGDS,GNL2,CLEC1B,NOL7,UFC1,VPS54,GAR1,MRPL20,TTC27,WDR12,KIF17,MAP7D3,CXorf21,APLNR,DHX9,EIF4E,ELANE,EWSR1,FOXI1,GLRA2,GUCY2D,HNRNPD,KARS,KPNA2,MC4R,NDUFC2,RPL15,SLN,ANP32A,TAF15,COX7A2L,DDX21,METAP1,CLDN17,RWDD1,NOP16,LUC7L3,COMMD8,ALOX12,CD33,CEACAM4,ERCC3,GPR3,GSTM5,H3F3B,HNRNPA2B1,INSL3,LPO,NCL,OMD,PARK2,SERPINI2,POU2F1,PRTN3,PEX2,SLC5A5,SUPV3L1,SUV39H1,DNAJC7,ZNF35,ZNF207,LUZP1,SLC25A14,TRIP11,CNOT8,NCOR1,PUM1,BMS1,SMG7,CLP1,GLMN,LAMB4,GPATCH8,WDR43,RPRD2,ZNF593,CDK5RAP1,SETD4,POLE3,WDR60,RNF220,ENOSF1,PRPF40A,DDX27,IQCC,NGLY1,ZC3H15,C21orf59,RBM25,MRPL9,B3GNT4,MUL1,TCTN2,TTC26,CHD9,CEP63,LAS1L,RBM4B,MYOZ3,IQSEC3,CEACAM8,CLC,CSF1R,DEFA4,FEN1,MEFV,CXCL9,CFP,ZNF710,CCNT2,CHD4,AP2M1,DDOST,DNMT1,ENO1,GAS8,GGCX,HNRNPH3,IK,IL3RA,IMPDH2,IPO5,PAFAH1B2,RFC1,TCP1,NR2C1,UBE2G2,ARID1A,EIF3A,HDAC3,SLC24A1,RBM39,ZBTB39,RBM19,THRAP3,HMGXB4,HNRNPR,CALCOCO2,DNAJA2,ERP29,SF3B2,DUSP12,GPN1,PPIP5K2,ATXN10,COG4,APPL1,DNAJC2,GOLGA7,ANAPC5,TXNL4B,MED9,HEATR1,SLC25A36,WDR41,NIT2,USP36,CSPP1,CPSF7,HPS4,G6PC3,IRGQ,PRRC1,HNRNPA3"
Hepatocytes,"ABAT,ACADL,ADH1A,ADH6,AFM,AGT,AGXT,AHSG,ALB,ALDOB,AMBP,ANPEP,AOX1,APCS,APOA1,APOA2,APOC1,APOC3,APOE,APOH,ARSE,ASGR1,SERPINC1,BAAT,BHMT,SERPING1,C1R,C1S,C2,C4BPA,C4BPB,C5,C8A,C8B,C8G,C9,SERPINA6,CD14,CDO1,AKR1C4,ABCC2,CPB2,CPN2,CPS1,CYP2C19,CYP2C8,CYP2C9,CYP2E1,CYP3A4,CYP3A5,CYP7A1,DAO,DIO1,DPYS,EHHADH,ENPEP,EPHX2,F2,F5,F9,F13B,FABP1,FGA,FGB,FGG,FGL1,GAS2,GATM,GC,GHR,GLDC,GRB14,GYS2,HABP2,SERPIND1,HGD,HHEX,HLF,HPD,HPN,HPX,HRG,IGFBP1,ITIH2,ITIH3,KCNJ8,KNG1,LECT2,LGALS4,LIPC,MAN1A1,MAOB,MAT1A,MBL2,MT1G,MT1M,MTTP,MYLK,NNMT,ORM1,OTC,PAH,SERPINA5,PCK1,ABCB1,ABCB4,SERPINA1,SERPINA4,SERPINF2,FXYD1,PON1,PPP1R3C,PROX1,PXMP2,RARRES2,RBP4,SALL1,SDC2,SLC2A2,SLC6A1,SLC10A1,SLC22A1,SPINK1,SPP1,AKR1D1,SULT2A1,TAT,SERPINA7,TDO2,TFPI,TFR2,TM4SF4,TTR,UGT2B4,UGT2B15,VIL1,VTN,ACOX2,KMO,PLA2G4C,HSD17B6,SKAP1,VNN1,NAT8,TM4SF5,PAPSS2,RGN,NR1I3,NR1H4,SLC17A2,ABCA8,UBD,SLCO1B1,SLC17A3,IQGAP2,FERMT2,SLC7A9,ANXA10,ATF5,CUX2,QPRT,BHMT2,MYRIP,PCOLCE2,GNMT,ANGPTL3,SLCO1B3,TMEM176B,SNX10,A1CF,SERPINA10,HSD17B11,HAO2,PIPOX,HAO1,FAM134B,ACSM5,SLC38A4,SLC47A1,TMEM176A,SLC30A10,APOM,GBA3,PBLD,ABCG5,ALDH8A1,TRPM8,ECHDC3,UGT2A3,AGMAT,INHBE,RUNDC3B,ADH1C,ALDH1A1,CRYM,GSTA1,SEPP1,PLSCR4,EFHD1,AADAC,ACADS,ACAT1,ADH1B,ALDH2,ALDH3A2,APOF,ARG1,BCHE,CEACAM1,C6,CEBPA,CRP,CYB5A,CYP2A6,CYP2A7,CYP2J2,DDC,DEFB1,ELF3,EPHX1,F7,F10,F11,FCN2,G6PC,GCGR,GCH1,GCKR,CXCL2,HAL,CFH,HGFAC,HMGCS2,HP,HYAL1,IGFALS,KHK,KLKB1,LBP,LCAT,ALDH6A1,MT1F,MT1X,PCSK6,PCCA,SERPINF1,PLA2G2A,PZP,CCL16,SLC7A2,APOL1,ABCB11,PROZ,KYNU,SELENBP1,SLC17A4,SLC22A7,GADD45G,SLC38A3,SDS,SLC27A5,SLC27A2,HAAO,SHC2,CCDC69,NPC1L1,OSGIN1,MLXIPL,UPB1,PID1,C14orf105,C4orf19,IL17RB,OGDHL,SEMA4G,CYP4F12,ATF7IP2,MIA2,SEC14L4,APOB,ASGR2,BDH1,CFB,CAT,ENTPD5,CTSO,CYP2B6,NR5A2,HSD11B1,HSD17B2,INHBC,INSR,PC,ENPP1,MASP1,RET,RNASE4,SEL1L,SLC1A1,SPP2,THPO,TMPRSS2,TTPA,DDO,FCN3,KCNK5,CREG1,LPIN2,SLC25A13,SEC23A,SLC26A1,SEPHS2,SLC35D1,DCXR,SLC35C1,RAB20,CYP4F11,GREM2,COLEC11,GRTP1,COL18A1,CFHR5"
HSC,"CD34,CRHBP,ERG,GSTM5,PLS3,MMRN1,LAPTM4B,FAM124B,FLT3,SLC4A1,SCARF1,ZMYM3,XPO7,EXD2,KLHL9,LSM2,CCDC121,ATP8B4,TCEAL4,MYCT1,ALAS2,CA1,GYPA,GYPE,AHSP,CRYGD,ELN,KCNJ13,MPL,PDE6G,PLA2G1B,SYPL1,ZNF3,RNF7,LECT1,CTNNA3,PHF20,EMCN,CLEC3B,VN1R1"
iDC,"ALOX15,F13A1,FCER2,IL3RA,CCL13,CCL17,CCL18,CCL23,CCL24,ALDH1A2,CD209,CD86,CLEC10A,SPINT2"
Keratinocytes,"CALML3,CSTA,DSG3,F3,GJB5,SFN,IL1A,JAG2,KRT5,KRT6B,LAD1,PI3,SERPINB5,SOX15,SULT2B1,LY6D,FGFBP1,AP1M2,FST,HES2,TMEM40,RAB25,S100A14,MMP28,ZBED2,KRT6C,ADAM8,AIM1,ALDH1A3,CDH3,COL17A1,CYP27B1,DSC3,EPHA1,EREG,FAT2,FGFR3,GJB3,GNA15,CXCL3,IL1B,ITGA6,ITGB4,ITGB6,KCNJ15,KRT6A,KRT14,KRT16,KRT17,LAMA3,LAMB3,LAMC2,MMP9,NGFR,SERPINB2,PGF,PKP1,FXYD3,PPL,PRSS8,PTHLH,S100A2,S100A8,S100A9,SDC1,SORL1,SPRR1B,ST14,TGFA,XDH,TP63,ARTN,CLCA2,PLCH2,KIAA0040,SH2D3A,TSPAN1,MPZL2,NDRG1,ST6GALNAC2,PPP1R13L,PKP3,KLK8,LPAR3,CBLC,TRIM29,KLK5,G0S2,DEF6,IRX4,ANGPTL4,LSR,GPR87,ESRP1,EPN3,FERMT1,SLC2A9,DLK2,C1orf116,ELMO3,TNS4,ALS2CL,PTK6,PRMT5,FLRT3,TP53AIP1,GJB4,BDKRB2,IRF6,PLA2G4A,SLC6A11,SLC12A4,CORO2A,CNKSR1,B3GNT3,DUSP14,TFCP2L1,FGD6,LTB4R2,ZNF750,MST1R"
ly Endothelial cells,"FLT4,HYAL2,CLEC1A,SOX18,ROBO4,CXorf36,MYCT1,KANK3,ACVRL1,ANGPT2,RHOC,BMX,CETP,ERG,FUS,GPR4,KDR,MYL2,NOTCH4,RALA,MAPK12,TEK,TIE1,CLDN5,TNFSF18,KALRN,FEZ2,SEMA6B,LYVE1,ARHGEF15,MMRN1,CD93,N4BP3,EMCN,RASIP1,TMEM39B,POMGNT1,MRPL17,MMRN2,NETO2,PLVAP,GJA4,SELE,VWF,TPM3"
Macrophages,"ACP2,ATOX1,ATP6V0C,ATP6V1E1,C1QA,CD9,CD48,CLCN7,CCR1,CRYBB1,CYBB,FCER1G,FDX1,FOLR2,FPR3,FTL,HEXA,HEXB,KCNJ5,LAIR1,M6PR,MDH1,NUBP1,P2RX7,RAC1,CCL8,CCL22,STX4,TCEB1,TYROBP,VAMP8,MARCO,CD84,ATP6V0E1,ATP6V1F,CD163,CIAO1,LY86,ARHGEF11,HS3ST2,ARPC4,ATP6AP2,BAIAP2,PRDX3,ERP29,LILRB5,SDS,LILRB4,VSIG4,FKBP15,ZZZ3,SIGLEC7,SIGLEC9,ADAMDEC1,ORMDL2,COMMD9,SPG21,MS4A4A,UBE2D4,TRAPPC2L,TREM2,TMEM70,ARL8B,TMEM126B,SLAMF8,C12orf4,HAMP,GUF1,YIF1B,CD63,TPP1,CMKLR1,SLC31A1,COX5B,COX7B,COX8A,CYBA,GLB1,LAMP1,NDUFB3,NDUFS3,NDUFS6,PCMT1,MAPK13,PSME1,RB1,SDHD,SUMO3,SNX2,UQCRC2,SNX3,ITGB1BP1,S1PR2,COX5A,SCAMP2,UQCR11,STAB1,DNAJC13,CLEC5A,UQCR10,KCTD5,PQLC2,COMMD8,SLC38A7,NOP10,WDR11,TMEM9B,MRS2,DNASE2B,MS4A6A,MRPL40,PPCS,PMFBP1,ADCK2,HIGD2A,CHIT1,CSF1,CYP19A1,HK3,MSR1,SLC6A12,MYOZ1,ADCY3,ALCAM,ABCD1,BPI,KCNJ1,KCNMB1,CXCL9,MMP8,CCL1,CCL7,SLC1A2,NCAPH,ATP6V1H,LONRF3,MFSD7,ATP6V1A,ATP6V0A1,FGR,ITGAX,MMP19,SLC11A1,NUMB,CD164,CIR1,BCAP31,CCDC88A,PCDHB11,ACADVL,ARSB,ATP6V1C1,CETN2,COX15,DBI,ECHS1,GRB2,HADHB,HMGCL,KIFC3,TNPO1,MGST3,NARS,NDUFA8,NDUFB6,NDUFS8,PRDX1,PEX14,PSMD10,PTPN12,PEX19,QDPR,RAB1A,RAB5C,RALA,RENBP,CLIP1,CCL18,SDHB,SRC,MLX,TRAF3,NSMAF,AGPS,SNX4,LONP1,GSTO1,BAG3,FEZ2,PDCD6IP,SNUPN,STAM2,IGSF6,ZMPSTE24,TMEM147,VTI1B,TGOLN2,SPIN1,EMILIN1,EFR3A,IBTK,NPTN,ATP2C1,CNIH4,GLRX2,DERA,NDUFAF1,HSD17B12,ZDHHC3,TNFRSF12A,ATP6V1D,TMBIM4,STYXL1,BTBD1,NUDT9,TMEM33,TMEM127,ACTR10,KCMF1,TULP4,RTN4,MKL2,KLHL12,NSUN3,ELOVL1,SLC30A5,MAPKAP1,TCEAL4,CHD9,TM2D1,G6PC3,TBC1D16,42988,ZDHHC24,HCCS,USF2,CEPT1,TMEM115,TRAPPC3,SLC25A24,C7orf25,PANK3,SETD3,STX18,LDHAL6B,TSPO,HTT,MTHFR,PTPRA,RABGGTA,CPNE6,TTLL4,IL17RA,NRBP1,SH3GLB1,VPS53,MTMR14,MUL1,C12orf49"
Macrophages M1,"ACP2,ABCD1,C1QA,FDX1,CCL22,CD163,SCAMP2,ADAMDEC1,ARL8B,HAMP,CCL8,TREM2,ADRA2B,ALCAM,ATOX1,ATP6V0C,ATP6V1E1,BLVRA,CD48,CD63,CLCN7,TPP1,CLTC,CCR1,CMKLR1,SLC31A1,COX5B,FCER1G,FOLR2,FPR3,FTL,HEXB,HK3,IL10,IL12B,ITGAE,LAIR1,CXCL9,MMP19,NARS,NDUFS2,P2RX7,PDCL,MAPK13,PTGIR,PTPRA,RELA,CCL7,CCL19,SRC,STX4,TCEB1,TFRC,AGPS,MARCO,SNX3,CD84,USP14,ITGB1BP1,ATP6V1F,TRIP4,CIAO1,WTAP,ARHGEF11,ABI1,ACTR2,BCAP31,ZMPSTE24,BCKDK,EXOC5,STIP1,UQCR11,SDS,LILRB4,OGFR,TFEC,FKBP15,DNAJC13,TDRD7,STX12,IL17RA,ABTB2,FAM32A,SIGLEC7,SIGLEC9,CECR5,SLC25A24,NRBP1,MS4A4A,OTUD4,PQLC2,HAUS2,NECAP2,WDR11,ZC3H15,CCDC47,UTP3,MRS2,MRPL40,VPS33A,CORO7,LIMD2,TMX1,DOT1L,ADO,ADCK2,TSPO,C3AR1,DAGLA,CALR,CHIT1,CYBB,CYC1,CYP19A1,DLAT,GP1BA,GPD1,IFNAR1,KCNJ5,KIFC3,MT2A,MYBPH,MYH11,MYO7A,PRDX1,RAB3IL1,RNH1,MRPL12,CCL1,CCL24,VIM,RRP1,S1PR2,AP1M2,ACTR3,LILRB1,AFG3L2,EMILIN1,VSIG4,HSPB7,COQ2,WSB2,SLAMF8,DNASE2B,CLPB,MFSD7,ADCY3,C1QB,CSF1,CSF1R,FANCE,KCNJ1,LAMP1,MSR1,CCL18,SLC6A12,SPR,PKD2L1,LONP1,IGSF6,PHLDB1,CYFIP1,NCAPH,MYOF,GLRX2,NDUFAF1,SPG21,ATP6V1D,ATP6V1H,TMEM70,PLEKHB2,TMEM33,MYOZ1,LONRF3,ANXA2,ATP6V1A,CD80,FPR2,S100A11,SLC1A2,SLC11A1,SIGLEC1,TIE1,HYAL2,CD300C,CLEC4E,KCNK13,TBC1D16"
Macrophages M2,"ACP2,ADCY3,ABCD1,ALK,ARSB,ATP2A2,ATP6V1C1,ATP6V0A1,TSPO,CAMP,CANX,CD63,CD81,CLCN7,TPP1,SLC31A1,FDX1,FGR,FTL,GLB1,HADHB,NCKAP1L,HEXA,HEXB,HPS1,IFNAR1,ITGAX,KCNJ5,LAIR1,LAMP1,MSR1,MYO9B,P2RX7,SDCBP,SNX1,SNX2,STX4,MARCO,CDS2,PABPC4,ATP6V0D1,PICK1,ARHGEF11,HS3ST2,PDCD6IP,SCAMP2,COL4A3BP,HSPH1,OS9,SDS,LILRB4,VSIG4,GABARAP,TFEC,WDFY3,TBC1D9B,ZC3H3,CYFIP1,PLEKHM2,FKBP15,SMG5,UNC50,GGA1,SNX5,SLC39A1,ADAMDEC1,COMMD9,SLC25A24,SPG21,MS4A4A,ANKFY1,BTBD1,STX18,RIN2,PQLC2,TMEM70,ACSM5,AGGF1,SLC38A7,VPS53,NOP10,IARS2,CCDC88A,VPS35,TMEM184C,EXOC1,SLAMF8,C16orf62,POGK,HAMP,DNASE2B,MTMR14,GORASP1,C10orf76,LONRF3,UBXN6,ADRA2B,AP1B1,ALDH9A1,ANXA11,AQP8,CD52,ELK1,FH,FLT1,GPD1,KCNJ1,MMP19,NDUFB1,NPR1,PDE1B,PEX19,S100A6,SLC6A7,SLC6A12,SNAPC2,TAF10,UCP3,UGP2,USF2,XPNPEP2,AKR7A2,SNX3,TNFSF14,NFS1,GSTO1,KIAA0196,BCAP31,CEPT1,BAIAP2,SLC9A6,VTI1B,ARFGEF2,LILRA2,EFR3A,NCAPH,ZCCHC4,TMED5,MYO15A,NAGPA,ZNF219,ANGPT4,ATP6V1D,TREM2,KCTD5,MFN1,KCNK13,TMEM9B,MYOZ1,IPPK,CARD14,ALG9,MRM1,DHX57,SLC25A46,OSBPL11,CCDC85C,DNASE1L3,GUCA1A"
Mast cells,"AMHR2,ANXA1,ANXA11,ATP6V1C1,BMPR1A,BTK,C3AR1,C8G,CASP10,CD22,CD33,SIGLEC6,CMA1,CPA3,CTSG,DIAPH1,DR1,MS4A2,GATA1,HDC,IL5,IL5RA,ITGA2B,KCNJ5,KRT1,LCP2,LTC4S,LYL1,MTR,NTRK1,OSBP,P2RX1,PAK2,PDE4A,PIK3R2,POLR2A,PPP3R1,PRG2,PRKAR1A,PTGDR,PTGER3,RAD23B,RENBP,RGS13,RXRB,SLC18A2,SNRNP70,SOS2,SYPL1,TADA2A,MAP3K7,TAL1,TEC,TPSAB1,RNF103,ZNF212,STAM,NDST2,AGPS,PABPC4,RGS11,CD84,CDC16,USP10,ZMYM4,WDR46,ZNF264,CTR9,DEPDC5,LRIG2,THRAP3,SNUPN,KLRG1,BAIAP2,HSPH1,SERINC3,IFT27,ATXN2L,U2AF2,ZBTB1,BAHD1,TRIM32,FAM120A,DNAJC13,ESYT1,ARHGEF12,ATXN10,UPF2,SPAG8,STAP1,HIBCH,SIGLEC7,SNX5,SIGLEC8,HPGDS,REM1,MRPS28,CPSF1,BET1L,ZBTB7A,NBAS,LAX1,DNAJC28,AGGF1,BTBD7,TTC17,CENPJ,ZNF471,CTDSP1,HRH4,ACBD3,DCLRE1B,ZNF426,MBOAT7,ZMYM1,FBXO11,CHD9,ZKSCAN3,C6orf25,FBXO38,MAGT1,USP48,OSBPL9,ZNF549,TIPRL"
Megakaryocytes,"ARHGAP6,GP1BA,HTR2A,MPL,PF4V1,SELP,GP6,CLEC1B,RUFY1,ANXA3,NCKAP1,TUBB1,LRP2BP,HBD,VWF,KALRN,RGS6"
Melanocytes,"CA8,MLANA,GJA3,OCA2,S100B,SOX10,GPR137B,TYR,KCNAB2,PIR,FARP2,KCNE4,QPCT,SLC45A2,TBC1D16,CDH3,MMP17,CLEC11A,TYRP1,TNFRSF14,WIPI1,MCOLN1,WFDC1,APH1B,UAP1L1,CBR3,NOV,DCT,TRPM1,SLC16A6,PLXNC1,ACACB,ACP5,ASPA,BCL2A1,CEACAM1,CAPN3,RUNX3,CDK2,LYST,CLCN5,ABCC2,CYP27A1,DAB2,EDNRB,ERBB3,ESR2,IFI6,GCNT2,GJB1,GK,GMPR,GNAL,HLA-DRA,HLA-DRB1,HLA-F,IFI16,IFI27,IFI35,SP110,IFIT2,IFIT1,IFIT3,IRF4,ISG20,ITGB8,ITPKB,KCNJ13,KIT,L1CAM,MBP,MITF,MMP8,MX1,MX2,MYO5A,GPR143,OAS1,OAS2,PAEP,PAX3,PDE3A,PDE3B,PDE4B,PLP1,PLSCR1,PROS1,RAB27A,SGK1,SLC1A4,STAT1,TAP1,TCN1,TLR1,UBA7,WARS,ALX1,GAS7,OASL,INPP4B,GYG2,KYNU,ITM2A,SOX13,AATK,ISG15,GREB1,ZFYVE16,RNF144A,ZEB2,XYLB,HMG20B,TESK2,GPNMB,IFI44,IQGAP2,IFI44L,LZTS1,NLGN1,ATP10B,ANKRD28,MCF2L,NEDD4L,TDRD7,DAAM2,DDX58,CA14,SLC7A11,PRKD3,IFIT5,SLC39A6,GAPDHS,FOXD3,CDH19,OSTM1,SLC43A3,ATP6V0A4,CDON,PI15,LAP3,LEF1,HERC5,PLA1A,TRPV2,C21orf91,PLEKHA5,XAF1,BNC2,SAMD9,HERC6,MOCOS,TMEM140,MCOLN3,DDX60,DOCK10,BIN3,CYSLTR2,SEMA6A,AVPI1,RTP4,IFIH1,RAB17,GNPTAB,TMPRSS5,ARHGAP24,RSAD2,ASB9,PRUNE2,PHACTR1,ZNF749,ABL2,APOD,CD36,CLCN7,CTSK,NQO1,ETV5,ACSL3,HLA-DPA1,IRF7,LGALS3,MME,PDE4D,PDK4,PRKCE,SLC12A2,SP100,STAT5A,STX3,TBX2,VGF,SORBS2,PPFIBP2,IFITM1,UBE2L6,TRIM14,NAMPT,SLC27A3,CIT,IRAK3,PDZRN3,ZFYVE26,SAMHD1,TRIB2,SPATA6,EGLN1,RPP25,BCAN,POPDC3,APOL6,APOLD1,PYHIN1"
Memory B-cells,"ACRV1,ADCY2,AQP8,ART1,TNFRSF17,BLK,C4BPA,S100G,CASQ2,CD1C,CD19,MS4A1,CD22,SIGLEC6,CD37,CD72,CD79A,CD79B,CETP,CHRM2,CHRNA2,CCR6,CNR2,COX6A2,CPA2,CPB1,CSN1S1,NCAN,CYLC2,CYP2A7,CYP2C19,DCC,DPP6,DSP,FMO1,FSHR,GABRA4,GAD2,GK2,GNAT2,GNRHR,GPX5,GRIN2B,GRM6,HCRTR2,HLA-DPB1,HSD3B2,HTN3,INHBC,KCNA5,KCNJ10,KIF5A,KRT2,LECT2,CD180,MBL2,MC4R,MEFV,MEP1B,MAP3K9,NPY5R,NTRK3,OTC,PAX5,SERPINA4,PLIN1,PNOC,PNLIPRP1,POU4F2,PRKCB,PTH1R,PRPH2,SELP,SLC12A3,SLC17A1,SLN,SPIB,SYN2,SYPL1,TSHB,WNT2,ZIC3,NPHS2,UNC5C,ADAM20,PROZ,BAIAP3,KALRN,KRT75,CER1,TMPRSS11D,LY86,KIAA0125,AP1M2,SSX3,GLYAT,DSCR4,COLEC10,RRH,CCR9,CD3EAP,ADAM30,SP140,GGA2,HECW1,CRB1,TNFRSF13B,CHST5,AIPL1,SLC24A2,STAP1,CLDN17,TSPAN13,VPREB3,FSCN3,TAS2R14,WNT16,SLCO1C1,DDX4,ULK4,QRSL1,GPRC5D,SLC30A10,SLC17A7,PGLYRP4,VN1R1,HRH4,SLC5A7,CHP2,MS4A5,ZNF747,FCRL2,RIC3,TCTN2,TRPM3,MOGAT2,ADAMTS12,OBSCN,MYOZ3,ZNF548,KHDRBS2,SHISA6,FMO6P,ANKRD34C,CAPN3,HNRNPL,ADAM21,SCRN1,PIKFYVE,ODC1,MBD4,FSCN2,ZBTB32,NT5C,TRMT61A,CXCR5,HTR3A,MGAT5,RNGTT,CXCL13,MIOS,AICDA"
MEP,"AHCY,CDK4,CPA3,CRHBP,ERG,GSTM5,HDC,EPCAM,PRG2,RYR3,MINPP1,PAICS,HPGDS,LAPTM4B,POLE2,TCEAL4,BUB1B,STIL,KIAA0101,SNX5,MRPL15,C11orf95,FAM124B,FXN,GATA1,HBD,KEL,MYL4,PCCB,PNMT,RHAG,SURF2,TPSAB1,UNG,AIMP2,CHAF1B,RUVBL1,NAT6,ERAL1,MRPS2,CTNNBL1,EXOSC5,ACD,DCTPP1,MTG1,FCER1A,FMO1,KRT1,NTRK1,IFRD2,MRPL28,TMED1,FBXO7,MECR,DDX41,C21orf59,NOL12,ATIC,BCS1L,CCT6A,DDX1,DDX10,HNRNPAB,ITGA2B,PSMG1,LDB1,VAPA,TXNL1,KEAP1,URB1,LRPPRC,TRAP1,PRMT3,NUDC,FASTKD2,PDCD11,MYO16,PPRC1,WDR43,MLC1,SERBP1,GNL3,NUFIP1,RPUSD2,RRP15,MRTO4,NOP16,MKS1,PAK1IP1,CDKN2AIP,TSR1,WDR12,BCCIP,GUF1,CARS2,FN3KRP,OGFOD2,MRM1,NOL10,NAA15,ZKSCAN3,MED25,TIMM50,CA1,COQ3"
Mesangial cells,"CDH6,CDKN1C,EDN2,FOXF1,FOXD1,HOXA11,HOXD1,LHX1,MICB,TLL2,DOC2B,PADI2,RHOF,KIRREL,CLSTN2,CRISPLD2,ARL4C,CDH16,COL4A1,ARID3A,EPHB2,GPI,HOXA3,HOXB2,HOXB3,HOXC10,HOXD11,ILK,INPP5A,ITGA3,ITGB3,LAMA5,NME3,NTHL1,PAX2,PDCD2,PFDN1,PLEC,PVR,HNF1B,NR2F2,UBA1,UCP2,UROD,WNT7B,PXDN,RNASET2,FGF18,CLDN6,DHRS3,HS3ST3A1,REC8,PROCR,PNPLA6,RBPMS,PLA2G16,MGAT4B,CSDC2,CPA4,ISYNA1,SMOX,LAPTM4B,RBM38,CORO1B,PCYOX1L,GALNT14,PDZD7,BICC1,ORAI2,THAP7,APOBEC3F,ASPHD1,HSPA12A,BGN,BST2,CD70,CNN1,COL1A1,COL3A1,COL5A1,COL6A3,CLDN4,VCAN,CTGF,DCN,DPYSL3,ELF3,SLC29A1,F2RL2,FGB,FOXC1,FLNC,FN1,GATA6,GLI2,SFN,HOXA5,HOXA7,HOXA10,HOXB6,HOXB9,IGFBP2,IGFBP4,IGFBP5,KCNJ15,LAD1,LIF,SMAD6,MITF,MMP7,MYLK,PDGFB,PDGFRB,ABCB1,PLAT,PODXL,PPARG,PTGER2,PTX3,RAB3B,RGS4,TAGLN,TFPI,TGFB2,TGM2,VCAM1,PAX8,HMGA2,DYSF,CLDN1,DIRAS3,IL32,SPOCK2,LRRC17,DLC1,MYL9,POSTN,PPP1R13L,MMP24,NID2,RAP1GAP2,NUP210,GREM1,ANKRD1,LMCD1,LSR,MXRA8,RCN3,ALPK3,HKDC1,NUAK2,CREB3L1,LYPD1,OLFML2A,FOXC2,HOXB8,HOXD10,SALL1,B3GALT5,IFITM2,C14orf105,CDHR1,ACTA2,ADORA1,AEBP1,ARHGAP4,ATP7B,BMP4,COL1A2,COL6A1,COL6A2,CLDN3,CRIP1,CYBA,DNM1,ENPEP,FZD2,CCR10,GRB14,HOXA4,HOXA6,HOXD9,HPGD,HSPA2,KRT19,LFNG,MEIS2,MGP,NCAM1,NOV,NPPB,OXTR,PAPPA,PCOLCE,PTPRJ,RRAD,SDC2,SIX1,SLC22A3,SPP1,SST,TBL1X,TBXAS1,NR2F1,TGFB1I1,TRPC4,WT1,ADAM19,TNFSF10,PROM1,CACNA1H,CLIC3,PDLIM7,RPH3AL,ADAMTS3,GAL3ST1,KBTBD11,MSLN,SIX2,PLK2,DENND3,PLXND1,SULF1,QPRT,OLFML2B,CPNE7,HIPK2,TRHDE,EFEMP2,ZNF580,SHC3,FXYD6,HCFC1R1,LRRC20,GPRC5C,OLFML3,SDR39U1,SYT13,DNAJC22,RAB11FIP1,COL18A1,LBH,ATP6V0E2,CADM4"
Monocytes,"ASGR2,FCN1,CFP,RNASE2,CD300C,LILRA1,TLR7,MS4A6A,LILRA5,CCR2,AIF1,CYBB,FCAR,KCNMB1,MEFV,MNDA,S100A12,CD163,CD101,CLEC5A,FBXL5,TREM1,RETN,CSF3R,F13A1,LILRB2,CD93,PADI4,P2RY13,APAF1,RHOA,RHOG,ARNT,C3AR1,CASP5,TNFRSF8,CD33,CSF1R,FPR2,HCK,HK3,HRH2,HSPA6,MAP3K3,MYO1F,PHKG2,PTGIR,RARA,TYROBP,UBE2D1,UPK3A,VASP,BEST1,LST1,NUP214,IQGAP1,ATP6V0D1,EIF4E2,CALCOCO2,TGOLN2,CAMKK2,LILRB1,FGL2,LILRB3,LILRA2,TREX1,GABARAP,RPH3A,ACAP2,IL17RA,CLEC4E,VENTX,COMMD9,PILRA,METTL9,TLR8,RIN2,RHOT1,TMEM127,TMEM9B,RPGRIP1,DENND1A,DPEP2,OSBPL11,ABCB7,ANXA1,ARF5,BPI,BTK,TSPO,CAPN2,CAPN3,CAPNS1,CAST,CD4,CEACAM4,MAPK14,CTBP2,CX3CR1,DHX8,FCER1G,FGR,FOLR2,HADHA,AGFG1,CXCR2,IL10RA,IMPDH1,LTBR,LYL1,MAN2C1,MARK3,MAP3K11,MNT,NUBP1,NCF4,PLP2,PPP1CB,PRKACA,PTEN,S100A6,S100A10,SH3BP2,SLC11A1,NEK4,CLEC3B,TPD52L2,USP4,WAS,NCOA4,NDST2,PIAS1,MARCO,TMEM11,MTMR3,BTAF1,DOK2,PSTPIP1,QKI,LY86,H2AFY,PPM1F,SNX17,GIT2,USP15,COL4A3BP,RGS19,RTN3,CEPT1,CLEC10A,OGFR,WWP2,AKAP13,SPEN,SETX,KDM6B,STAB1,KLHL18,ANKS1A,UBR2,SIN3B,DNAJC13,KIAA1033,SUN1,SIK3,MED13L,SEC11A,STX12,PGLS,FAM32A,PTPN18,SIGLEC9,COQ2,CECR5,NKIRAS2,STRN4,CLEC4A,ZDHHC3,TMBIM4,RBM41,NPLOC4,WDR11,NSFL1C,PCTP,MTMR14,ATG3,AHNAK,TSEN34,MBOAT7,CARS2,DOK3,PANK2,FBXO11,SPG11,CXorf21,DHX57,SLC38A10,UBXN2B,HIPK1,YTHDF3,CUL5,ZMYM4,USP48,PIKFYVE,JMJD1C,CSNK1A1,HUS1,PNP,SRC,LRRFIP1,EIF1B,FNDC3A,FKBP15,RPS6KC1,CD244,ARL8B,CD48,AP1G1,BNIP2,CD1E,CDK9,DDX3X,DLG4,GPR183,ETF1,ETV3,EWSR1,FOLR3,GALNT3,HIF1A,HNRNPU,KCNC3,MMP17,MTF1,MTHFR,OSM,PDE6H,PGGT1B,PLD2,PLEK,POU2F2,PPM1A,MAPK6,MAP2K1,RAB5A,RELA,CLIP1,STX5,SUPT6H,PHLDA2,PTP4A2,ELL,DNAH17,PTCH2,RIOK3,KSR1,BCL10,SOCS3,USP8,DDX21,PLAA,WTAP,AATK,TTLL4,BCL2L11,MPHOSPH6,AKAP8,APBB3,GNA13,MAP3K2,IQSEC2,JMJD6,CBX6,GGA1,SERP1,GNMT,GPR162,RABGEF1,TBK1,ADIPOR1,RLIM,DCTN4,CLEC1A,ZBTB7A,CDC40,AZIN1,MIOS,TMEM104,VNN3,SAR1A,CYSLTR2,SAMSN1,ZNF668,GRPEL1,REEP4,ZNF787,ZFC3H1,ZNF710,TMEM110,HIC1,SEMA6B,FCER1A,MS4A4A"
MPP,"ADCY3,CRHBP,ERG,CAPRIN1,P2RX1,SERPINI2,TEC,TIE1,UMPS,MLF2,ZNF282,NSMAF,USP6,MED7,H2AFY,PPM1F,PARP2,MRPS31,CALCOCO2,TMEM147,SF3A3,CSTF2T,LSM5,ATXN10,HIBCH,ATP2C1,ZNF219,TAOK3,PTRH2,TBC1D13,TMEM70,ATP5SL,WDR60,DPPA4,AGK,MKL2,BAHCC1,ALG8,CENPO,SPAG16,UBA5,SFXN3,FAM136A,G6PC3,HNRNPA3,DPY19L4,ABO,AIF1,AMD1,ATP5J,AVP,BTF3,ERCC8,CLNS1A,CPA3,CRYGD,DNTT,DUT,FANCA,HINT1,IGLL1,EIF3E,ITGA9,LRCH4,MPL,MPO,NACA,NFYA,NPM1,NUP98,PIGF,PRTN3,PSMA2,PSMA6,RAG2,RBBP7,RFC2,RNASE2,RNASE3,RPS3,RPS24,SMARCC2,SNRPF,TERT,TRH,TSSC1,TTF1,ZNF32,ZNF35,ZNF134,CD164,GALR2,CDC123,PMPCB,TATDN2,KIAA0125,EIF1B,PPIH,ANP32B,ERLIN1,AKAP13,ESYT1,HAUS5,NAT6,INVS,LSM1,BZW2,GLTSCR2,RSL24D1,ZNF639,REV1,TEX10,SRBD1,NHP2,PCID2,NSFL1C,TMEM9B,TFB2M,GGCT,MAP7D3,MTDH,IMP4,IGBP1,IMPDH2,NUBP2,ZDHHC6,CSPP1,AZU1,FLT3,SPN,VPREB3,CD37,CD52,CSF2RB,CSF3R,CTSW,FCER1A,GATA1,HBB,HBD,HDC,HLA-DOA,ITGA2B,ITGAL,JAK3,CIITA,NKG7,OSM,PIK3CG,PLCB2,PRKCB,PTPN6,PTPN7,PTPRC,PTPRCAP,SELPLG,GFI1B,S1PR4,BAIAP3,ACAP1,TSPAN32,IKZF1,KLF1,MLC1,CD244,ARHGAP15,DPEP2,DOK3,TRAF3IP3,AGAP2,FMNL1,IRF5,LST1,CD300A,SASH3,ATP8B4,CD53,NCKAP1L,LAIR1,MYO1F,NCF4,SPI1"
MSC,"HTR7,MMP17,PLA2G5,CDKL5,PKD2L1,ADAMTS12,ZNRF4,CTRB2,PRB3,CCL21,TNP2,ZNF408,COL10A1,DVL1,HAS1,NPAS1,WISP1,TRIM3,COPS8,TSSK1B,DCTD,DDOST,EEF1D,KIF22,LAMP1,NDUFA8,PARN,POLR2G,SLC35A2,HAND2,EIF4E2,CUL7,SCAMP3,STUB1,TMEM147,YIF1A,RER1,EMILIN1,SNF8,CABIN1,MKRN2,SPCS1,TRMT112,ZNF446,PRX,MRPS11,CUEDC2,SPAG16,MRPL24,TBC1D17,NHEJ1,PODNL1,SF3B5,THAP3,SLC38A10,SIX5,ATP6V1C1,CYC1,ERCC1,GSTM5,HIC1,IMPDH1,MDH2,NDUFB4,NFATC4,PTPN11,RPL8,RPN1,AAAS,TMEM11,BAG3,RNF7,SNX17,RNF41,TIMM44,VTI1B,KDELR1,LMAN2,COPZ1,HMGXB3,CLUAP1,IQSEC2,PMPCA,LMOD1,TMEM184B,TCTN3,TIMM10,MRPS18B,GMPPA,STOML2,CYHR1,ARL6IP4,ZNF771,MRPS17,CUTA,TMEM161A,COMMD4,CPSF3L,OGFOD1,LRRC59,C7orf26,TMEM223,INTS5,MFSD5,GTF2H5"
mv Endothelial cells,"ACVRL1,ANGPT2,SLC25A6,RHOC,TSPO,CAV2,CCNG1,CD34,CETP,COX4I1,CSNK2A2,DYNC1LI2,ECHS1,FDPS,FLT4,GJA4,GOLGA3,GOT2,HADHA,HCFC1,HCRTR1,HOXD3,ILF2,ITGA9,KDR,LGALS1,NOTCH4,NOVA2,PLXNB3,MAPK3,PRPSAP1,PSMB7,PSMC5,PSMD8,RALA,RANGAP1,MAPK12,SELE,SH3GL1,SMARCD1,SMARCE1,SUMO3,SNAPC4,SNTB2,TARBP2,TBX1,TEK,TIE1,CLDN5,TPM3,UBE2E1,UFD1L,VWF,YWHAE,ZNF205,CLPP,ZNF282,SCARF1,HYAL2,MBTPS1,PABPC4,RGS11,BANF1,EIF2B2,MTMR2,BCL10,TNFSF18,DYRK1B,COX7A2L,SLC24A1,GTF3C5,VAMP3,TAOK2,EI24,PPM1F,DHX38,KEAP1,MED16,NUBP2,ACTR1A,TXNDC9,RAMP3,PCGF3,LYPLA1,STK25,SEMA6B,DCTN2,HTATIP2,GIPC1,LYVE1,RNPS1,COPS6,RAB35,TMEM115,STRAP,ATXN2L,LYPLA2,TUSC2,RRAS2,ARHGEF15,RALY,TTLL5,N4BP3,STAB1,ZC3H7B,SUN1,ABCB9,KCTD2,DNPEP,EDC4,MTCH1,MTCH2,PRKD2,GPKOW,CECR5,MRPS28,GIT1,MRPL15,CNIH4,F11R,MRPS16,CLEC1A,BFAR,GMPR2,PCDH12,PIAS4,FAM96B,HSPB11,EMCN,SOX18,ROBO4,NDUFB11,DEF8,CPSF3L,EXD2,CHST12,LMBR1L,UBAP2,CISD1,METTL3,INPP5E,CIAPIN1,FN3K,MMS19,RNF25,WDR13,TUT1,MRPL9,SPATS2,DDA1,DCTPP1,FAM65A,CXorf36,GEMIN7,MMRN2,FAM124B,EDC3,MYCT1,GFOD2,URM1,FRMD8,MTG1,FTSJ3,SAMD14,ZDHHC24,KANK3,ATP1B3,BYSL,CDC27,CLIC1,COPA,GDI2,GYG1,LAMP1,MTHFR,MYL6,NAP1L4,NDUFC2,PLD2,POLR2F,ABCD4,RPL4,RPN2,SSBP1,TIAL1,ZFPL1,TXNL1,EIF4E2,DCAF7,KAT5,FRS3,ATF7,EXOC7,SIN3B,STX12,PGLS,TBC1D10B,FBXO22,AHDC1,EIF3K,UBIAD1,UBXN1,THAP4,TACO1,INPP5K,GPN2,C19orf24,ZWILCH,TMEM39B,ENOPH1,CCDC90B,MOSPD3,ELOVL1,MUL1,GSDMD,TOR1AIP2,SENP5,TIPRL,ART4,ARVCF,BMX,CALM1,CASP10,CAV1,CD9,ENTPD1,CDK9,CSF2RB,CTNNA1,ACE,ELK4,ERG,ERH,FLOT2,FLT1,GABPB1,HDAC1,HTR1B,IL3RA,LYL1,MAP3K3,MGAT5,NCK1,PNP,PDCL,PIK3CG,PLCG1,RALB,TAL1,ZNF22,HERC1,ATP6V0E1,LRRFIP1,SEMA6C,MYL12A,TFEC,MMRN1,CD93,ATF6,TDRD7,TSPAN13,MAT2B,SPTBN5,RASIP1,GIMAP4,LSG1,NECAP2,ANO2,KIF17,TMEM109,RNF34,PLVAP,CEACAM21,GIMAP6,NPR1,ACTG1,ADRA1B,ANXA2,ARF1,RHOA,ATP2B3,PTTG1IP,CCKAR,AP2M1,CLTA,CPA1,DAD1,DLST,DYNC1H1,EIF4G1,FOXC2,GPR4,HSPA4,HSP90AB1,MAGEB1,MIF,MIP,42980,NEDD8,OXA1L,P4HB,PLS3,POLR2J,PPP2R1A,PPP2R2A,PSMD1,PSMD10,RCN2,SLC6A7,TAF12,TJP1,DNAJC7,KCNAB1,USP5,AKAP4,MED20,SAE1,ABCF2,B3GALT5,CLEC4M,GLRX3,ARPC1A,YKT6,ACTL7A,CAPN11,PWP1,CDC37,FAM107A,ECD,NCBP2,GANAB,PMPCA,NUP188,CLDN14,ARL2BP,PRND,PITPNB,TRPC4AP,NOC2L,FOXD3,TRAPPC3,SEC61A1,CHCHD2,SNTG2,DDX56,TMED9,FNDC8,COMMD4,C1orf123,AURKAIP1,UNC45A,PCDHA6,C16orf62,LYZL6,MRPL17,LRRC3,DCTN5,YIF1B,POM121L2"
Myocytes,"EVC,SMAD5,MUSK,SGCA,SIM1,BAG2,SHQ1,IMPACT,EXOC1,KRTAP1-1,COPB1,MYF5,MAP3K7,DENR,XPNPEP3,PRRC1,ACTG1,ALDOA,ANXA5,ARF4,CAD,CAST,CAV1,CAV3,CCNG1,CCT6A,CDH15,CHRNG,CLTC,COX8A,CSNK1G3,DCTD,DDOST,TOR1A,EIF4EBP2,EPRS,ERCC4,GDI2,GLE1,GNAS,GRSF1,GTF2H1,HIF1A,HRC,HSPA8,IDUA,KIF2A,TNPO1,LAMP1,LGALS1,SMAD2,MIF,MKLN1,MMP11,MSH3,MYBPH,MYOD1,NDUFA10,42980,NONO,PAFAH1B1,PARN,PCDHGC3,SLC25A3,PLXNB3,POLR2J,PSMB4,PTPN11,RAPSN,RCN2,RPN2,FBXW4,SPG7,SSR4,SS18,STAU1,TIAL1,UBE3A,COL14A1,ZNF37A,ZNF221,ZNF214,RAB7A,WISP1,EIF2S2,USP14,BAG5,PREPL,SNX17,UBAP2L,UBA2,RAD50,LRPPRC,MPHOSPH6,ZMPSTE24,BCKDK,YAP1,CDIPT,TMEM147,IPO7,PTGES3,FRS2,CPSF4,COPS8,SPIN1,AFG3L2,HNRNPA0,ERP29,METAP2,XPOT,HMGXB3,CLUAP1,POFUT2,DNAJC16,HARS2,POFUT1,ARL2BP,MKRN2,TXN2,IBTK,TCTN3,FBXL4,MYOF,RPS6KC1,RNF11,NPTN,SND1,HSPB7,TUBG2,VPS4A,NFU1,UTP20,MCTS1,MYLPF,EPN1,SEC61A1,MRPS16,IFT52,METTL9,MBTPS2,UCHL5,RWDD1,AMOTL2,ERGIC3,UBE2D4,CMPK1,NUDT9,NUP54,GPR173,RC3H2,CHCHD3,FAM120C,ZDHHC4,SLC38A7,ADI1,QRSL1,NOP10,HIF1AN,ZNF446,PEX26,IARS2,SPATA7,ACTR10,DNAH7,SPPL2B,PRX,EDA2R,CCDC90B,GUF1,PKNOX2,NUCKS1,FAM160B2,DCLRE1B,MRPS11,C2orf47,SPAG16,PALB2,TBC1D17,ZNF668,METTL8,C10orf88,MYO19,RUFY1,INTS5,TM2D1,ACTR8,SLC38A10,MYL6B,YTHDF3,ALPL,CASQ2,DES,HAS1,MYH7,MYL1,MYL4,MYOG,TNNI1,TNNT2,TTN,ACTA1,ACTN2,CKM,MSTN,MYH1,MYH2,MYH8,ROS1,SGCG,SLN,TNNC2,ATP1B4,HEYL,ITGB1BP2,GSG1"
naive B-cells,"BLK,CXCR5,CD19,MS4A1,CD72,SPIB,TCL1A,FCRL2,CD22,CD79B,CCR6,GPR18,CD180,MGAT5,MBD4,TSPAN13,UTP6,TREML2,CD37,CD79A,CSNK1G3,DSP,FCER2,GMFB,PNOC,SNX2,GCM1,AP3B1,STAG3,PRDM4,PWP1,RRAS2,GGA2,SIPA1L3,STAP1,P2RY10,DEF8,MFN1,EGOT,CD1A,VPREB3,CAPN3,HSPA4,SP140,C10orf76,SMC6,MCM9,BMP3,CACNA1F,COL19A1,DAZL,GNG3,MATN1,MAP3K9,MMP17,MYBPC2,PAX5,PHKG1,PYGM,ZNF154,PRDM2,USP7,SYN3,ADAM20,USP6,AKAP6,TCL1B,BCL2L10,FRS2,TCL6,MYO3A,SDK2,WDR74,UBE2O,RBM15,KHDRBS2,RERE,GH1,HLA-DOA,LY9,CIITA,PGAM2,POU2F1,PRKCB,RB1,TRA2B,SLC30A4,CUBN,CDK13,PTCH2,TBC1D5,BCL2L11,N4BP3,SNTG2,NOC3L,TRAPPC9,PIKFYVE,42802"
Neurons,"EPHA3,GNG3,INSM1,KCNQ2,NEUROD2,PCDH8,ACTL6B,CAMKV,STMN4,ABCA3,ACVR2B,ADRA2A,CACNA1B,CACNB3,CHRNB2,CPE,CRABP1,CRMP1,NCAN,CTNNA1,EFNB3,CELSR3,ELAVL3,FOXG1,GAD2,GAP43,GEM,GRIK3,GRM2,ID1,IREB2,KCNN1,KCNQ3,KLC1,MEIS2,MLF1,MLLT3,MN1,CD200,MVD,NNAT,NPY,NPTX1,NTRK3,PLXNA2,POU3F1,POU3F2,POU3F3,PKIA,MAPK8,PTPRZ1,PTX3,RPE65,SCN3A,CXCL12,SFRP4,SH3GL2,SH3GL3,SOX4,SOX11,SPAST,ZNF354A,THRA,ZFP37,ZNF711,ZNF14,ZNF43,ZNF195,ZNF223,TUBA1A,ST8SIA4,PDHX,ST8SIA2,HIST1H3D,DCHS1,STX16,B3GALT2,CDK5R1,BSN,HAP1,CYTH2,LHX2,IPO13,NUP93,TSPAN2,CFDP1,SEMA6C,ZNF211,IFI44,DPYSL4,SCGN,PNMA2,ZBTB6,MLLT11,TMSB15A,STMN2,C14orf1,ZFP30,ZNF510,WDR47,KIF21B,ARC,KIAA1107,AGTPBP1,CUX2,SEZ6L,SULT4A1,SETBP1,LRRTM2,RANBP6,CACNG5,CACNG4,PDLIM3,PCSK1N,KCNMB4,SCG3,HUNK,PODXL2,PARD6A,ZNF117,GPR173,FAM105A,LRRN3,FNBP1L,ENOX1,AGPAT5,AP1AR,ZNF821,ANKRD10,ZNF415,BEX1,PCDHB11,ZNF253,C21orf62,KCNK12,ZNF529,PTBP2,ZBED5,NEUROG2,NEUROD6,REEP1,RASL11B,GDAP1L1,NKAIN1,RNF219,ZMAT4,VASH2,ZNF669,PGAP1,ZNF606,ZNF614,ZNF430,ZSCAN16,ZNF34,ZNF484,YIPF4,MUM1,C16orf45,ZNF682,C1orf216,EMID1,PAQR3,ZNF675,TET3,KCTD13,ZNF493,ALDOC,ATP1A3,ATP1B1,ATP2B2,ATP6V1G2,CA8,CACNB4,CALB1,CAMK2B,CDH18,COX7A1,COX7B,DGKB,DEFB1,DLG2,DPP6,FABP6,FGF9,FGF12,GABBR1,GABRA1,GABRB2,GABRG2,GAD1,GNAO1,GPM6A,GRIA2,GRID2,GRIK1,GRM1,GRM7,ID2,ITPR1,KCNC1,KIF5C,LPL,MT3,NDUFA5,NEFM,NEFH,NELL1,NEFL,NPPC,OMG,PCDH9,PCP4,SERPINI1,PRKCG,PTPRR,PVALB,RGS16,RORA,RTN1,SLC6A1,SNAP25,SNCG,SYP,TAC1,SEC62,TSPAN7,TRPC3,ZNF208,AP3B2,SPARCL1,CACNA1G,INA,NRXN1,ELMO1,SNAP91,C1orf61,CNKSR2,FAIM2,ARHGAP26,FSTL4,ACSL6,SMPX,SLC24A2,DDX25,SPOCK3,ST8SIA3,GPRC5B,GNG13,TM6SF1,FXYD7,IL20RA,SUSD4,PRMT8,DNAJC12,ANKS1B,PLXDC1,SLC12A5,KLHL1,GPR63,TRIM9,TCEAL2,SHISA6,ACYP2,AGTR2,ATP1B2,ATP2A3,CA7,CACNA1A,CACNB2,CHGB,DAB1,DACH1,DGKG,DYNC1I1,FABP3,FGF14,GABRB3,GNG4,GRIA3,HSBP1,HTR5A,KCNA2,KCNK1,KIF5A,KPNA5,NAP1L2,NCAM1,NDUFA3,NDUFA4,NELL2,NRCAM,PDE9A,PEG3,PPP3CA,MAPK10,RAB3A,RGS7,RYR2,SCN1A,SCN2A,SLC1A6,SLC8A1,ABCC8,VAMP2,KCNAB1,PIP5K1B,PPFIA2,SYNJ1,CACNA2D2,CPNE6,RAB33A,NRXN3,AKAP7,GABBR2,GPRASP1,JAKMIP2,SAP18,CORO2B,ATP5L,KIF3A,HHLA3,MGAT4A,GABARAPL2,KIFAP3,SV2C,MYT1L,DNM3,GALNT8,CLUL1,PCDH17,GOLIM4,PCLO,NDUFAF4,NME7,PIGP,BCL11A,FAM134B,LRRC49,CISD1,TTYH1,NDRG4,FAM184A,ZNF385D,MAP9,CEP76,HOPX,IQCK,RALYL,THSD7A,LPCAT4,FAM21A,ANK2,CHN1,FABP7,GPM6B,LHX1,NOVA1,PTPRN,SORL1,NME5,SPOCK2,RCAN2,KLK8,SOSTDC1,SNX10"
Neutrophils,"CA4,CEACAM3,FCGR3B,CXCR1,CXCR2,PGLYRP1,MMP25,ZDHHC18,TRPM6,VNN3,P2RY13,APAF1,CBL,CSF2RB,DDX3X,FCAR,FPR2,NFYA,PAK2,PTEN,SLC19A1,UBE2B,BEST1,ELL,MTMR3,HERC3,SLC25A44,DHX34,TOX4,TECPR2,WWP2,LMTK2,WDFY3,MED13L,ACAP2,CLEC4E,UBN1,NRBF2,TREM1,HRH4,RMND5A,TMUB2,TMEM185B,GCC1,TREML2,BTNL8,NDEL1,UBXN2B,CASP5,CEACAM8,MAK,SDF2,TGM3,TOP1,UBE2D1,TRIM25,KSR1,SPAG9,NMI,CIR1,TTLL4,IP6K1,USP15,CAMKK2,LILRA1,BTN2A1,PADI4,FBXO38,CLC,CSF3R,HBB,S100A12,HSPA6,LILRB2,LILRA2,MEFV,BMX,AATK,GPR27,IL18RAP"
NK cells,"FASLG,KLRD1,PTGDR,PTPN4,XCL1,TKTL1,IL18RAP,NCR1,ZMYND11,SACM1L,CD244,AGK,DNAJB14,CX3CR1,GZMB,GZMM,IL2RB,KPNB1,MED1,PRF1,MAPK1,BRD2,MAP3K7,TNFSF11,ZNF264,STX8,PJA2,HELZ,GNLY,STAG2,ZBTB1,TBX21,RAB14,FIP1L1,ARPC5L,HIPK1,CD247,CTSW,LTA,ZNF426,GRIK4,LIM2,NMUR1,CD160,BAD,42985,CHRNE,DR1,GIPR,GOLGA4,GZMH,HNRNPL,IFNG,LAG3,MGAT2,MLH1,NEK1,NFE2L2,NKG7,PPP2CA,PRKAG1,SON,SUPV3L1,TBCC,PRDM2,HIST1H3A,PRDX6,YAF2,KLRG1,SF3B4,GNA13,GPATCH8,DNAJC2,ASTE1,ANKRD11,AMZ2,THAP1,UBE2Q1,CDKN2AIP,RBM25,OSBPL7,TSTD2,NCR3,C1orf174,GTF3C1,FBXW4,TSPYL1,RGS9,RBM39,ZCCHC11,LEMD3,IL21R,WBP11,RSRC2,ALG13,COQ10B,SBF1,CCL4,GGPS1,ZBTB39,WDR45"
NKT,"CASP5,PHKG1,RARA,S100B,BEST1,DOLK,TP53TG5,GMIP,GSG1,AMBN,SGCA,TCOF1,IL17B,L1TD1,ARPC1A,KLHL26,GEMIN7,PMFBP1"
Osteoblast,"BMPR1A,COMP,DCTD,DYNC1LI2,EPYC,GRSF1,IBSP,MFAP3,PRELP,SGCG,UBE2L3,COL14A1,ITGA8,EIF2S2,KIF3B,LAPTM4A,APPBP2,MAB21L2,ILVBL,XPOT,DOLK,ICMT,TMEM50A,CBY1,RPS6KC1,COPS7A,MYOZ2,NUDT9,RNF121,LIN7C,DHX32,IL26,STARD7,C5orf15,PAPPA2,EBF2,ATG9A,MUL1,TM2D3,UNC119B,LRRC15,ARCN1,HTR2A,PSMB5,EIF4E2,FRMPD4,YME1L1,NPLOC4,FTO,FAM168B,YIPF6,HLCS,SGCD,YAP1,TRIM32,ZNF629,MKRN2,TRAF3IP1,AMOTL2,KCMF1,CCDC47,TMEM185B,DPY19L4,ACTG1,RHOA,CCKAR,EXTL1,FOXC2,GGCX,GLUD1,HIST1H1A,NFATC4,PGK1,SLC9A5,TUB,ZNF16,GDF5,SSNA1,EIF3G,FIBP,LONP1,ABCF2,RNF41,ARPC1A,TXNL4A,TRPC4AP,CHMP2A,ARL6IP4,TMED9,GLT8D1,PCDHGA11,IFT46,CUEDC2,FIP1L1,SFXN3,TMEM222,AP2S1,ATF6B,DPAGT1,DRG2,HARS,IARS,EIF6,KIF22,SSR1,ZFPL1,AKR7A2,COX7A2L,SNX17,SNUPN,PARK7,EXOC7,ABCB9,MTCH1,LMOD1,HSPB7,EPN1,PRDM11,C12orf43,ZNF768,CPSF7,BRIP1"
pDC,"APOC3,CSHL1,DNASE1L3,GZMB,HIST1H2BB,HPD,KCNA5,SCT,P2RY14,LILRB4,CUX2,LRRC36,RPL3L,CACNB1,FKBP2,IL3RA,MYBPC1,SLC12A3,SPIB,ZNF221,MAPKAPK2,CXCL13,SLITRK3,TSPAN13,SPCS1,TLR7,KCNK10,KCTD5,CELA2A,CCR2,FLT3,FUT7,IDH3A,CD2AP,PTCRA,RUNX2,CXCR3,TACR1"
Pericytes,"ADCY3,CDK4,GGCX,HIC1,MLLT1,MYBPC2,P4HB,MAPK3,PTGER1,SLC6A13,TAF15,DYNLL1,ASH2L,ZBTB22,S1PR2,BCKDK,COPS6,TMED1,CBX6,TXN2,TMEM184B,ERGIC3,MIER2,ZNF444,PRDM11,ARF5,ARNT,ATP5G1,ATP5J,CALR,CTBP1,DMWD,ELK1,ISLR,KIF22,MMP11,MYBPH,NDUFB1,NDUFB7,NNAT,PFN1,PPP2CB,PPP2R5D,PSMD8,TRIM27,TNXB,SLC35A2,ZFPL1,LZTR1,AKR7A2,AP3D1,KCNAB3,MED16,CTDSP2,ARFRP1,RNF41,TAB1,TIMM44,TM9SF1,TRIM3,GIPC1,YIF1A,KDELR1,LMAN2,RAB35,TMEM115,LZTS1,WDR6,COPZ1,MLXIP,RALY,CIC,USP22,LMOD1,ZNF500,IRF2BP1,ERAL1,VPS4A,AHDC1,C19orf53,MYLPF,GMPPA,GAR1,TMEM161A,ATP5SL,PCDHGA9,PKNOX2,C11orf95,C7orf26,TSEN34,TMEM185B,ZNF768,HPS6,ADAMTS12,IL17RC,TOM1L2,TXLNA,BCS1L,DPAGT1,GNAS,DNAJC4,NDUFA8,NDUFS5,PPIB,PSKH1,RAB5B,DPF2,RPN1,RXRB,SH3GL1,SLC6A4,SSR2,USP5,CDK10,KHSRP,EDF1,SEC24C,SNX17,SEC16A,42987,EHMT2,TCF25,GANAB,SMG5,SIRT3,PES1,POFUT1,DNPEP,CBY1,CHMP2A,SGSM3,REM1,ZNF771,CUTA,GPR173,DDX49,PACS1,PCDHGB5,OPA3,UBXN6,FLT1,GDNF,HTR2B,P2RX1,POU2F2,MASP1,KSR1,HAND2,ADAMTSL2,COLEC10,BTN2A1,KIF26B,COL10A1,SLC31A1,DSCR4,IGF2BP3,ABTB2"
Plasma cells,"AMPD1,TNFRSF17,FKBP2,PNOC,SSR4,RNGTT,SPATS2,UBA5,ZBP1,ALPI,AVP,BMP8B,C21orf2,CAMP,CASP10,CCNC,CD27,ENTPD1,CD79A,CDH15,COX6A2,CRYBB1,CRYBB3,CRYGC,CYP11A1,EPO,GDF2,GOLGA3,GOLGA4,GRM4,GUCA1A,HIST1H2BB,HSF4,HSPA6,IDE,IRF4,KCNN3,MARS,MGAT2,NEUROG1,NOS2,NPAS1,NPPA,NPPC,PRM1,PTPRS,RAB3A,RAD17,RGS1,RGS13,RPN2,CCL25,SLC5A2,SRP54,SS18,SYT5,TG,SEC62,TNNT3,HSP90B1,UBE2G1,ZNF133,RNF113A,RNF103,MANF,ITGA8,B4GALT3,MBTPS1,MATN4,EBAG9,HAND2,TBX4,CLINT1,KNTC1,KIAA0125,DMTF1,PREB,SLC35B1,MRPS31,CNKSR1,SEMA6C,PRDX4,LBX1,AVIL,SEC24A,TMED10,ZPBP,WDR45,TREH,FNDC3A,ATF6,MAST1,MAPK8IP3,UBXN4,SCFD1,CUX2,AIPL1,GORASP2,TBL2,DKKL1,NDOR1,SERP1,ARHGEF16,MCTS1,ALG5,GMPPA,SHANK1,CELA2B,YIPF1,LAX1,CCDC40,TMEM39A,UFSP2,CCDC88A,LTB4R2,PRX,SRPRB,PRDM14,MAGEF1,CHST8,PDIA2,MIS12,CCDC121,ADM2,CNTD2,CCDC33,TRABD,STMN4,SLCO5A1,GRWD1,USP48,MTDH,IMP4,SIX5,APOA1,APOC3,ARL1,PHOX2A,ARSA,AUP1,CA7,CACNA1S,CAV1,CD19,CD79B,CHRNA4,CHRNG,CLCNKB,CRYBA4,CSHL1,CYBA,DAD1,DDOST,DNASE1L2,DPAGT1,DRD4,DRD5,FGF6,GH2,GNB3,GOLGB1,GP9,GRIN1,HDLBP,DNAJC4,IGF1,KRT10,CD180,MYL2,NTRK1,P2RY4,PDE6A,POMC,POU3F3,PPIB,PTGER1,RFX2,RPN1,SHBG,SLC6A13,SMPD2,SNAPC4,SSR1,SURF1,T,TERT,LEFTY2,TP73,TSHR,VPREB1,ZNF37A,ZNF142,ELL,BFSP2,UTF1,MYH13,PABPC4,FBP2,SLC13A2,KCNQ4,GPR37L1,PICK1,TMEM59,CUL7,PDIA6,TIMM17B,CNPY2,TM9SF1,FTCD,SEC61B,LMAN2,KDELR2,SEC63,RALY,SIPA1L3,DDN,ABCB9,ISCU,SEC61G,TNFRSF13B,TSSK2,PPIL2,HEYL,SPCS1,SAP30BP,VPREB3,SEC61A1,RAX,VSX1,SLC35C2,THAP4,IFT52,ERGIC3,TMED9,DEF8,RASIP1,ZDHHC4,C19orf73,GPRC5D,NGLY1,GLT8D1,PCDHA5,IRGC,UGGT1,MYL7,ACBD3,KLC2,YIPF2,FCRL2,OGFOD2,LMAN1L,ALG9,CSPP1,DOK3,C6orf25,CEACAM21,SLC38A10,R3HCC1,MIA3,RNF208,GABRR2,GPLD1,KLF15,FN3K,CNR1,TCF3,WNT1,HOOK2,C16orf58,ACBD4"
Platelets,"ADCY8,ALOX12,APOA1,ARHGAP6,AVPR1A,BMP8B,BNIP2,CASQ1,CETP,COL10A1,GNAS,GNB3,GP1BA,GP5,GPR3,GPR17,LPAR4,HPCA,HSD17B3,IL5,ITGA2B,KIF2A,LCN1,LIMS1,SMAD2,MAN2A2,MAX,MEA1,RAB8A,CIITA,MPL,MUC6,NPPA,SIX6,PDE6A,PDE6H,PF4V1,PHKB,PITX3,PLXNB3,PPM1A,PPY,PRKCG,PTPRA,RNF2,RPA1,SELP,SLC6A4,NEK4,TACR2,TAL1,TG,TNNC2,CRISP2,VCL,VDAC3,XPNPEP1,ZNF37A,ZNF214,ST7,NCOA4,CDK2AP1,HIST1H2BO,SNX3,MYOM1,KSR1,ASAP2,ENDOU,RNF8,CHD1L,RGS6,SEC14L5,SNPH,TLK1,TECPR2,RNF10,TRIM10,HTATIP2,AKAP3,LEFTY1,IGF2BP3,CD160,PARK7,ACSBG1,ARHGEF12,TMEM50A,FBXO9,RNF11,DNAI1,MLH3,EIF2AK1,MORC1,LSM1,RABGEF1,RAX,KLK14,DERA,PHF20L1,RDH11,GP6,CLEC1B,TAOK3,BIN2,NCKIPSD,UIMC1,CMPK1,TUBA8,RNF186,L1TD1,BEST2,TXNL4B,CCDC40,ADI1,WDR11,ACTR10,NXF3,PCDHGB5,PCDHGA1,CABP5,ANO2,LRTM1,NEUROD4,PCTP,CHST8,ARMC7,SYNPO2L,PANK2,RUFY1,ULBP1,TUBB1,ASB8,PTCRA,AMD1,ANXA7,CETN2,DPYS,EGR4,F13A1,GP9,GRIK1,FOXO4,MTR,NOS2,ODC1,PTGDR,RHCE,RIT2,SLC18A2,NCK2,TCAP,PEX11B,ADIPOQ,ZNF592,NR2E3,MYL12A,PGRMC1,PDCD10,SNW1,SLC16A8,FAM32A,IPCEF1,LSM14A,NPTN,CEND1,C7orf43,KCMF1,PRX,NPFFR1,NPVF,ADIPOR2,ZMYM1,TRAPPC9,USP12,42802"
Preadipocytes,"ARCN1,ARL1,CDK7,FGF7,GLG1,HAS1,HDLBP,SSR1,TESK1,TMEM11,BUB3,HAND2,BAG3,MORF4L2,TUBA1B,NCKAP1,KDELR2,SEC63,FAM98A,TCTN3,MMADHC,GLT8D1,SRPRB,ALG8,SLC25A32,ADH5,ALCAM,SLC25A6,ANXA1,ANXA5,RHOA,ARSB,ATP5C1,ATP5G1,CANX,CAST,COPA,COPB1,ATF6B,DPAGT1,TOR1A,ECT2,ELK1,EPRS,GRSF1,HIF1A,HSPA4,IARS,ISLR,MOCS2,NACA,NDUFB4,OCRL,P4HB,PPIB,PTGIR,PTPN11,PURA,RARS,RNF2,RPN2,RRM1,SNAPC2,TNXB,HSP90B1,PTP4A2,GNPAT,EIF3H,MBTPS1,WISP1,EIF2S2,MTMR2,WASL,MPZL1,COPB2,KIF3B,FXR2,BAG2,MINPP1,LAPTM4A,RANBP9,RAD50,CNPY2,YAP1,TMEM147,SYNCRIP,APPBP2,MYL12A,YKT6,DCTN6,PGRMC1,YIF1A,COPS8,HNRNPA0,SEC61B,ASCC3,METAP2,DSTN,PWP1,MRPL3,XPOT,SCRG1,DOLK,ICMT,MKRN2,LMOD1,TMEM87A,DHRS7B,MYOF,NPTN,SEC61A1,COQ6,TMED7,FCF1,COPS4,DDX47,MBTPS2,UCHL5,ATP6V1D,RWDD1,UFC1,ERGIC3,C14orf166,MRPL20,IMPACT,RIOK2,IFT46,EDA2R,CCDC90B,RIC8A,RNF25,EBF2,ACBD3,C7orf25,C7orf26,TBC1D17,METTL8,PODNL1,ADM2,ADAMTS12,MAGT1,ADO,SLC38A10,LRRC15,PRRC1,SENP5,TIPRL,GTF2H5,ADCYAP1R1,AQP9,CYP19A1,HIST1H2BB,IRF4,IPO5,SLC1A2,IPO7,ADAMTS8,ABCA6,SNED1,PIWIL2,TRPM3,IL17RC,TBC1D16,ARHGAP6,ACE,CENPE,GLUD1,LSP1,XPNPEP2,HIST1H2BM,S1PR2,MRPS27,SMC5,MDN1,TREM1"
pro B-cells,"AFM,ALPL,CCR8,CRX,DCC,DNTT,GABRA6,GCK,GPR3,GPR4,GRIK3,GYS2,TLX2,KNG1,MEN1,MUSK,OMD,PARK2,POU3F1,RAG2,RPE65,SLC2A2,SLC12A1,SRY,VPREB1,CSRP3,HIST1H2BM,SOX14,CACNA1G,GREB1,CNKSR1,ARPP21,FRS3,LILRB1,CLDN14,PLA2G2D,OR7A5,AKAP8L,STRN4,GNL2,TNFRSF12A,LARP7,BTBD7,SPATA7,HAMP,C2orf49,CXorf36,LRRTM4,FIP1L1,SLC25A31,SCRT1,IMP4,HSPB6,ZNF81,ZNF674,ADARB2,ADCY8,AGXT,ALOX15B,ANXA3,APOC3,ARG1,ART4,BMX,CA1,CCKAR,SIGLEC6,CETP,CLCN1,CNTFR,CRH,CSHL1,CTSG,CYP2A7,DLX4,DPYS,DSP,EFNA2,FCAR,FCN2,FGF8,MSTN,GDF10,HCRTR2,ONECUT1,PRMT1,HTR1B,HTR5A,IFNA1,IGLL1,IL12B,KCNJ9,KCNJ13,KRT12,KRT19,LLGL1,LTC4S,MAG,MKI67,TRPM1,MUC6,MYH4,MYH8,NEUROG1,NOTCH4,OMG,PMP2,POU1F1,PPEF2,PRB4,PSG11,RAD23A,RAPSN,RBP3,MRPL12,RRM2,CCL17,TACR3,TCF3,TESK1,TGM3,THPO,TNNT2,UCP3,ZNF155,HIST1H2BL,EDF1,ADAM21,KCNQ4,OTOF,KIF23,NMUR1,PLK4,STIP1,LILRB4,KERA,ADAMTS8,CLCA4,FSTL4,PMPCA,ATP1B4,PADI4,TSSK2,CA14,FBXO24,SLC13A4,DKKL1,AHDC1,BMP10,VPREB3,ANAPC2,VSX1,CALY,HP1BP3,PDE11A,CLEC1A,GMIP,SPTBN5,ZMYND10,COQ3,CNGB3,ZNF407,IQCC,NXF3,PAPOLB,RPGRIP1,SLURP1,SPC25,MYL7,KLHL12,FBRS,RNF25,TUT1,MRPS15,KRI1,NOL12,KRTAP1-3,PCDH11Y,PPP4R2,KCNV2,PSORS1C2,R3HCC1,ASPM,NACA2,MEP1B,SGCA,TCOF1,LAMB4,PCDHA5,OTUD7B,DPEP3,AZU1,BLK,CD72,CD79B,CENPA,FOXM1,FLT3,H2AFX,KIF11,LY6H,MYBL2,PDE6D,POLA1,PRTN3,RFC2,RFC5,SMARCA4,SNRPD1,SPTA1,TERT,TOP2B,TSSC1,XPNPEP2,PTTG1,TCL1B,ESPL1,KIF14,P2RY14,SMC4,TACC3,NOP56,SIVA1,HNRNPA0,UBE2C,KIF4A,TRA2A,SAC3D1,MRTO4,NUSAP1,AHSP,GTSE1,CEP55,QRSL1,LSM2,CCDC81,SHCBP1,C16orf59,HPS4"
Sebocytes,"CALML3,CSF2,CSTA,CTSK,DSG3,GJB5,SFN,IL1A,IRF6,KRT6B,LAD1,MMP3,PI3,PKP1,SOX15,SULT2B1,KRT75,FGFBP1,AP1M2,PDZK1IP1,FST,IL24,LPAR3,TFCP2L1,HES2,TMEM40,LTB4R2,RAB25,S100A14,C1orf116,ZNF750,KRT6C,ENTPD3,GJB3,PTK6"
Skeletal muscle,"CAV3,CDH15,CHRNG,MYBPH,MYF5,RAPSN,MYLPF,EBF2,MYOD1,LSM2,CDK1,CENPE,MYOG,ACHE,ACTA1,ACTN2,AMPD1,ART1,ART3,ATP1A2,ATP2A1,CA3,CACNA1S,CACNB1,CACNG1,CASQ1,CHRND,CKM,CNTFR,COX6A2,DES,RAPGEF1,HADHB,HRC,KCNN3,MUSK,MYBPC1,MYBPC2,MYF6,MYH1,MYH2,MYH6,MYH7,MYL1,MYL2,MYL3,NRAP,PCNT,PGAM2,PGM1,PHKG1,PPP1R3A,PYGM,RAD23A,RPL3L,CLIP1,RYR3,MAPK12,SGCA,SGCG,SLC2A4,SLN,SPTB,TNNC2,TNNI1,TNNT3,TTN,UCP3,CSRP3,TCAP,MYOM1,FBP2,MYOT,BAG3,ABCC9,TRDN,UBAC1,SEMA6C,LBX1,APOBEC2,LDB3,SIRT2,IQSEC2,DDN,MAST2,KIAA0368,HSPB7,CTNNA3,UBE2D4,ASB4,FBXO40,MYOZ2,MIOS,CASZ1,MYOZ1,POPDC2,LONRF3,SYNPO2L,OBSCN,OSBPL11"
Smooth muscle,"COPA,COPB1,FKTN,HDLBP,PFN2,PRKAG1,PRKG1,USO1,ASAP2,BAG2,PREPL,VTI1B,HSPB6,ARL1,DCTN1,DYNC1LI2,HOXA3,LGALS1,TCF21,GDF5,MBTPS1,COPS2,ANAPC13,MYOF,AMZ2,KLHL9,ACBD3,DYNLRB1,ADH1B,ALCAM,ARCN1,EIF4G2,HPD,ISLR,IPO5,NBR1,OCRL,OGN,SDF2,KIF3B,SCAMP1,TTC37,CRYZL1,STAM2,ERLIN1,FAF2,EID1,INVS,COPS7A,DCTN4,UFSP2,THAP10,IFT46,EDA2R,PKNOX2,MRPL40,ADD1,ADH5,ANXA5,ARF4,ARHGAP6,BAD,CACNA1C,CAPNS1,CETN2,CSNK1G3,CSNK2A2,CTNNA1,DDB1,DPT,ELN,FGF7,FSHB,GDF10,GOLGA3,GRSF1,HLCS,HSP90AB1,KRT19,KTN1,LTC4S,SMAD5,MEA1,42980,NFATC4,PCDHGC3,PEX12,PHKG1,PPP2R1A,PSMB7,PTPN11,RARS,RBMS1,RFX2,RING1,S100A6,S100A10,ATXN2,SGCD,SNTB2,SSR1,MAP3K7,CLEC3B,VCL,VIM,ZMYM4,VAMP3,TXNL1,SPAG7,TOMM20,CUL7,SNUPN,ABI2,ZMPSTE24,SPEG,TFG,YAP1,IGF2BP3,FAM189B,SPIN1,KDELR1,ASCC3,KDELR2,RER1,EMILIN1,SCRG1,EPN2,TRIM32,WDFY3,FBXO21,ERC1,SNX13,GANAB,SCFD1,EXOC7,DNAJC13,TMEM59L,CIZ1,LMOD1,TMEM184B,FAM98A,GORASP2,TBL2,MLH3,DKKL1,HSPB7,TUBG2,METTL5,TNPO2,CCDC53,NGRN,MBTPS2,ANKFY1,ERGIC3,MYOZ2,DHX29,TMED9,ASPN,FBXL12,DALRD3,EXOC1,SPATA7,GLT8D1,TMEM165,ZNF471,SRPRB,CCDC90B,MRPL17,SPATS2,C11orf95,YIPF2,CUEDC2,DDA1,TSEN34,FTO,C2orf49,ZNF426,SPAG16,TBC1D17,CCDC102B,SLC35E1,SVEP1,NETO2,TM2D1,COG7,TEX261,PRRC1,MYL6B,ZNF358,SIX5,DPY19L4,C6orf120,GTF2H5,CDK4,PLS3,SOD1,TMED7,DDX47,UFC1,CISD1,CCNG1,NDUFS4,RPL10,RPS19,S1PR2,RNF7,MCTS1,POMP,ADAMTS12,ACTG1,ALDOA,ANXA1,RHOC,ATP5G1,ATP5J,BYSL,PTTG1IP,CALR,CANX,CAPN2,CDK7,CNN2,COX8A,ECT2,EEF1D,ERCC1,HADHA,HIC1,HSPA8,EIF6,LAMP1,MIF,MYL6,NDUFA8,NDUFB4,NDUFS5,P4HB,POLR2F,PSMB1,PSMB4,PSMB5,PSMC5,PSMD10,PTGIR,PEX2,RPL4,RPL35A,RPN2,CCL8,SSBP1,ST13,TPI1,TPM3,HSP90B1,UFD1L,VCP,MANF,SHFM1,PTP4A2,EIF3I,MTMR2,ATP6V0E1,MPZL1,BUB3,COPB2,TMEM59,BAG3,C14orf2,MINPP1,MORF4L2,LAPTM4A,RWDD2B,PSMD14,CDIPT,TIMM17A,ZNHIT1,AHSA1,NCKAP1,PGRMC1,SEC61B,TMED1,POFUT2,ISCU,SEC61G,STX12,ATXN10,TMEM87A,FBXO22,UQCRQ,MMADHC,MRPL15,CNIH4,GMPR2,ZNF771,ATP6V1D,TRAPPC4,CUTA,MRPS33,RIN2,C19orf24,NOP10,PCDHGB5,C12orf10,FAM160B2,MRPS11,MYCT1,LRRC15,SENP5"
Tgd cells,"AK2,ABCD2,FASLG,BUB1,CCNF,CD2,CD247,CD40LG,CDC25C,CENPA,CHEK1,CLIC1,CCR3,CCR5,DAXX,DR1,ECT2,GLE1,GLO1,GPI,CXCR3,GPR15,GYG1,GZMH,GZMA,GZMB,GZMK,H2AFX,HMOX2,IL2RA,IL2RB,IL4,IL5,IL12RB1,IL13,ITGAL,ITGB7,KIF2A,KIF11,KIF22,LAG3,LAIR2,LCP2,LIM2,LTA,MKI67,MSH3,NEK2,NKG7,PDE4A,PDE6D,SLC26A4,PFN1,PPID,PPP1CA,PRF1,PSMA3,PSMB2,PSMC4,PSMD13,PTPN4,PTPN7,PTPN9,PEX2,RBL1,RPA1,RRM1,RRM2,SOS1,AURKA,TMPO,ZBTB16,ZNF174,PTP4A2,GPR68,CLPP,DGCR14,RANBP3,HAT1,RGS9,IL18RAP,TOP3B,TAF1B,PSTPIP1,CD101,GRAP2,ATG5,DLGAP5,KIF14,ARPC2,RAD50,KLRG1,CD96,SF3B4,HMGN4,GNLY,SMC2,CXCR6,GMEB1,PLK4,POP4,DBF4,STIP1,KIF2C,HNRNPUL1,GLMN,CD300A,RALY,TPX2,NCDN,FAM120A,NCAPD3,RNF167,TOR1AIP1,TINF2,ZBTB32,GPKOW,CHMP4A,RACGAP1,SAC3D1,GPR171,TBX21,NUSAP1,UCHL5,FAM96B,HSPB11,WBP11,CD244,ARMC1,CEP55,ASXL2,UEVLD,HJURP,CHST12,IL26,CENPJ,CENPN,ZMAT5,KLHL7,SPC25,IKZF4,MMP25,ACD,PVRIG,ZNF668,ATP8B4,VANGL1,ARPC5L,MTDH,ACTR8,SFXN1,NCR3,CCR2,CCNA2,CDK1,CDC5L,COX8A,CSTF1,DRG2,TOR1A,HIC1,IFNG,INPP4A,MNAT1,NFKBIB,NMT1,PSMA1,RNF6,SRF,TTK,CDC123,CIAO1,STX8,PSMD14,DCAF7,ARPP19,FAF1,PUF60,ZCCHC4,ASCC1,DBR1,GMIP,PIAS4,SASH3,COMMD8,TDP1,MRPS15,SLC25A32,TIPRL,TMEM110,BARD1,CTLA4,HNRNPF,SH2D1A,PSMD4,PSMD7,RAD21,RB1,CCL1,SHMT2,SLAMF1,USP1,COLQ,MELK,G3BP2,DCLRE1A,SCAMP2,TACC3,TAB2,AMZ2,FZR1,CSNK1G1,RC3H2,AGGF1,PBK,HIVEP3,MFSD5"
Th1 cells,"CHD4,CSTF1,IFNG,LAG3,MNAT1,POLD2,PPM1G,SLAMF1,SNRPC,THOP1,CDC123,EIF2B2,FIBP,CHD1L,MDC1,TRIM28,GNLY,RUVBL2,NCAPD3,R3HDM1,TACO1,TMEM39B,UBAP2,CUEDC2,COX10,PSMD3,PKMYT1,PTTG1,KIF20A,RNPS1,TTLL5,NUP205,ZBTB32,HTRA2,WRAP53,WDR18"
Th2 cells,"GZMK,IL5,IL13,MAD2L1,RRM2,BAG2,CXCR6,CEP55,RRAS2,NUP37,NPHP4,GPR15,GZMA,SMAD2,CDK2AP1,RGS9,SLC25A44,RAD50,TMEM39B,UBAP2,THADA,RNF34"
Tregs,"CCR3,CTLA4,IL2RA,PLCL1,PPM1B,TTN,ZNF236,STAM,UBE4A,CXCR6,IPCEF1,ICOS,VPS54,LAX1,BANP,ATG2B,ZCCHC8,TULP4,IKZF4,ZMYM1,ZFC3H1,MCM9,CD5,CD28,CCR4,CCR8,GPR25,IL10RA,ITGB7,KCNA2,RGS1,SPTAN1,HS3ST3B1,MCF2L2,GALNT8,SIT1,FOXP3,LRP2BP,LAIR2"